ctime,schemaname,relname,seq_scan,seq_tup_read,idx_scan,idx_tup_fetch,n_tup_ins,n_tup_upd,n_tup_del,n_tup_hot_upd,n_live_tup,n_dead_tup,heap_blks_read,heap_blks_hit,idx_blks_read,idx_blks_hit,toast_blks_read,toast_blks_hit,tidx_blks_read,tidx_blks_hit
1430499735.49538,pg_catalog,pg_operator,3,2295,243,1265,0,0,0,0,765,0,42,895,20,549,,,,
1430499735.49538,pg_catalog,pg_extension,3,3,0,0,0,0,0,0,1,0,2,2,0,0,,,,
1430499735.49538,pg_catalog,pg_authid,313,313,7629,7629,0,0,0,0,1,0,23,7924,82,15176,,,,
1430499735.49538,pg_catalog,pg_statistic,2,798,1254,1075,92,484,0,156,491,69,67,2449,13,3388,34,296,4,257
1430499735.49538,pg_catalog,pg_opfamily,3,258,0,0,0,0,0,0,86,0,4,4,0,0,,,,
1430499735.49538,pg_catalog,pg_shdescription,14,39,5,0,0,0,0,0,3,0,11,8,11,0,0,0,0,0
1430499735.49538,pg_catalog,pg_event_trigger,3,0,27,0,0,0,0,0,0,0,0,0,2,25,,,,
1430499735.49538,pg_catalog,pg_user_mapping,3,0,0,0,0,0,0,0,0,0,0,0,0,0,,,,
1430499735.49538,public,new_order,4,144000,20,20,36004,0,10,0,35994,10,403,1189,12,43,,,,
1430499735.49538,pg_catalog,pg_inherits,3,0,84,0,0,0,0,0,0,0,0,0,2,82,,,,
1430499735.49538,pg_toast,pg_toast_3596,0,0,0,0,0,0,0,0,0,0,0,0,0,0,,,,
1430499735.49538,pg_catalog,pg_rewrite,3,327,2,2,0,0,0,0,109,0,23,23,2,2,45,39,8,122
1430499735.49538,public,stock,4,1600000,72,72,400000,36,0,0,400000,36,98547,41189,35,296,,,,
1430499735.49538,pg_catalog,pg_foreign_data_wrapper,3,0,0,0,0,0,0,0,0,0,0,0,0,0,,,,
1430499735.49538,pg_catalog,pg_largeobject_metadata,2,0,0,0,0,0,0,0,0,0,0,0,0,0,,,,
1430499735.49538,pg_catalog,pg_opclass,11,392,430,5925,0,0,0,0,128,0,9,2077,12,541,,,,
1430499735.49538,pg_catalog,pg_attrdef,3,0,0,0,0,0,0,0,0,0,0,0,0,0,0,0,0,0
1430499735.49538,pg_catalog,pg_default_acl,3,0,59,0,0,0,0,0,0,0,0,0,2,57,,,,
1430499735.49538,pg_catalog,pg_aggregate,2,266,3,3,0,0,0,0,133,0,5,4,2,4,,,,
1430499735.49538,pg_toast,pg_toast_12329,0,0,0,0,0,0,0,0,0,0,0,0,0,0,,,,
1430499735.49538,public,district,26,800,0,0,40,8,0,8,40,8,3,31,1,12,,,,
1430499735.49538,pg_catalog,pg_ts_dict,3,48,0,0,0,0,0,0,16,0,2,2,0,0,,,,
1430499735.49538,pg_catalog,pg_index,34,530,1158,1400,27,0,17,0,123,17,13,1273,12,1371,,,,
1430499735.49538,public,history,1,120000,,,120004,0,0,0,120004,0,2575,4997,,,,,,
1430499735.49538,pg_catalog,pg_tablespace,33,66,2928,2928,0,0,0,0,2,0,23,2943,49,5831,,,,
1430499735.49538,pg_toast,pg_toast_2619,0,0,165,399,76,0,15,0,61,15,34,296,4,257,,,,
1430499735.49538,pg_catalog,pg_constraint,5,50,8,0,8,0,0,0,10,0,6,33,8,64,0,0,0,0
1430499735.49538,pg_toast,pg_toast_2618,0,0,62,193,0,0,0,0,0,0,45,39,4,61,,,,
1430499735.49538,pg_catalog,pg_cast,3,594,2140,379,0,0,0,0,198,0,6,381,6,2173,,,,
1430499735.49538,pg_catalog,pg_ts_config,3,48,0,0,0,0,0,0,16,0,2,2,0,0,,,,
1430499735.49538,pg_catalog,pg_ts_parser,3,3,0,0,0,0,0,0,1,0,2,2,0,0,,,,
1430499735.49538,pg_toast,pg_toast_2620,0,0,0,0,0,0,0,0,0,0,0,0,0,0,,,,
1430499735.49538,pg_toast,pg_toast_2396,0,0,0,0,0,0,0,0,0,0,0,0,0,0,,,,
1430499735.49538,pg_catalog,pg_largeobject,2,0,0,0,0,0,0,0,0,0,0,0,0,0,,,,
1430499735.49538,pg_catalog,pg_enum,4,0,0,0,0,0,0,0,0,0,0,0,0,0,,,,
1430499735.49538,pg_catalog,pg_foreign_table,2,0,0,0,0,0,0,0,0,0,0,0,0,0,,,,
1430499735.49538,pg_catalog,pg_collation,3,1806,0,0,0,0,0,0,602,0,38,38,0,0,,,,
1430499735.49538,pg_catalog,pg_am,114,126,0,0,0,0,0,0,5,0,3,112,0,0,,,,
1430499735.49538,pg_catalog,pg_proc,3,8073,240,264,6,0,0,0,2691,0,160,394,29,556,0,0,0,0
1430499735.49538,pg_catalog,pg_shdepend,15,15,1702,426,0,0,0,0,1,0,11,435,44,1770,,,,
1430499735.49538,public,order_line,4,4552236,22,235,1138095,106,0,0,1138095,106,78055,34936,24,481,,,,
1430499735.49538,pg_catalog,pg_language,4,16,10,10,0,0,0,0,4,0,2,13,4,18,,,,
1430499735.49538,pg_catalog,pg_range,2,12,2,0,0,0,0,0,6,0,2,1,2,2,,,,
1430499735.49538,pg_catalog,pg_attribute,48,8066,2880,10592,1401,20,1219,1,2491,0,145,6921,47,11610,,,,
1430499735.49538,pg_catalog,pg_database,1433,5575,56153,56141,6,0,5,0,4,0,5,57595,92,65759,,,,
1430499735.49538,pg_catalog,pg_conversion,4,528,0,0,0,0,0,0,132,0,6,9,0,0,,,,
1430499735.49538,pg_catalog,pg_type,3,1099,1394,1035,173,0,151,0,361,0,30,1440,20,3419,,,,
1430499735.49538,public,item,4,400000,36,36,100000,0,0,0,100000,0,2597,9086,31,46,,,,
1430499735.49538,pg_catalog,pg_trigger,4,0,0,0,0,0,0,0,0,0,0,0,0,0,0,0,0,0
1430499735.49538,public,orders,6,720000,22,22,120004,10,0,0,120004,10,1948,7763,36,135,,,,
1430499735.49538,information_schema,sql_implementation_info,1,12,,,0,0,0,0,12,0,2,0,,,0,0,0,0
1430499735.49538,information_schema,sql_languages,1,4,,,0,0,0,0,4,0,2,0,,,0,0,0,0
1430499735.49538,pg_toast,pg_toast_12309,0,0,0,0,0,0,0,0,0,0,0,0,0,0,,,,
1430499735.49538,pg_toast,pg_toast_12334,0,0,0,0,0,0,0,0,0,0,0,0,0,0,,,,
1430499735.49538,pg_catalog,pg_amop,4,1744,315,388,0,0,0,0,436,0,12,396,22,694,,,,
1430499735.49538,pg_toast,pg_toast_1255,0,0,0,0,0,0,0,0,0,0,0,0,0,0,,,,
1430499735.49538,pg_toast,pg_toast_12314,0,0,0,0,0,0,0,0,0,0,0,0,0,0,,,,
1430499735.49538,pg_toast,pg_toast_12324,0,0,0,0,0,0,0,0,0,0,0,0,0,0,,,,
1430499735.49538,pg_catalog,pg_amproc,11,1048,301,475,0,0,0,0,344,0,9,312,9,692,,,,
1430499735.49538,pg_toast,pg_toast_2964,0,0,0,0,0,0,0,0,0,0,0,0,0,0,,,,
1430499735.49538,pg_catalog,pg_ts_template,3,15,0,0,0,0,0,0,5,0,2,2,0,0,,,,
1430499735.49538,pg_catalog,pg_db_role_setting,15,0,19404,0,0,0,0,0,0,0,0,0,23,19381,0,0,0,0
1430499735.49538,pg_toast,pg_toast_2609,0,0,0,0,0,0,0,0,0,0,0,0,0,0,,,,
1430499735.49538,information_schema,sql_parts,1,9,,,0,0,0,0,9,0,2,0,,,0,0,0,0
1430499735.49538,public,customer,6,720000,28,39,120000,14,0,0,120000,14,68342,28949,42,158,,,,
1430499735.49538,pg_catalog,pg_class,109,13521,3336,2984,122,324,101,67,316,0,34,5119,33,8156,,,,
1430499735.49538,pg_catalog,pg_seclabel,2,0,252,0,0,0,0,0,0,0,0,0,2,250,0,0,0,0
1430499735.49538,pg_catalog,pg_ts_config_map,2,608,0,0,0,0,0,0,304,0,4,2,0,0,,,,
1430499735.49538,information_schema,sql_sizing,1,23,,,0,0,0,0,23,0,2,0,,,0,0,0,0
1430499735.49538,pg_toast,pg_toast_12339,0,0,0,0,0,0,0,0,0,0,0,0,0,0,,,,
1430499735.49538,information_schema,sql_packages,1,10,,,0,0,0,0,10,0,2,0,,,0,0,0,0
1430499735.49538,public,warehouse,19,64,0,0,4,4,0,4,4,4,3,19,1,9,,,,
1430499735.49538,pg_toast,pg_toast_2606,0,0,0,0,0,0,0,0,0,0,0,0,0,0,,,,
1430499735.49538,pg_catalog,pg_pltemplate,10,80,0,0,0,0,0,0,8,0,10,5,0,0,,,,
1430499735.49538,pg_catalog,pg_auth_members,15,0,0,0,0,0,0,0,0,0,0,0,0,0,,,,
1430499735.49538,pg_catalog,pg_depend,3,20120,2731,2507,348,0,256,0,6672,256,103,3172,39,6884,,,,
1430499735.49538,pg_toast,pg_toast_2604,0,0,0,0,0,0,0,0,0,0,0,0,0,0,,,,
1430499735.49538,pg_catalog,pg_shseclabel,10,0,5,0,0,0,0,0,0,0,0,0,5,0,,,,
1430499735.49538,information_schema,sql_features,1,672,,,0,0,0,0,672,0,14,0,,,0,0,0,0
1430499735.49538,pg_toast,pg_toast_12319,0,0,0,0,0,0,0,0,0,0,0,0,0,0,,,,
1430499735.49538,pg_catalog,pg_description,2,7372,252,0,0,0,0,0,3686,0,64,32,6,501,0,0,0,0
1430499735.49538,pg_catalog,pg_namespace,5,30,202,122,0,0,0,0,6,0,3,125,11,288,,,,
1430499735.49538,information_schema,sql_sizing_profiles,1,0,,,0,0,0,0,0,0,0,0,,,0,0,0,0
1430499735.49538,pg_catalog,pg_foreign_server,3,0,0,0,0,0,0,0,0,0,0,0,0,0,,,,
1430499795.50412,pg_catalog,pg_operator,3,2295,1538,10128,0,0,0,0,765,0,42,7055,20,3252,,,,
1430499795.50412,pg_catalog,pg_extension,3,3,0,0,0,0,0,0,1,0,2,2,0,0,,,,
1430499795.50412,pg_catalog,pg_authid,316,316,7789,7789,0,0,0,0,1,0,24,8086,86,15492,,,,
1430499795.50412,pg_catalog,pg_statistic,2,798,7131,6946,92,554,0,180,491,122,75,8488,13,15272,49,2458,4,1805
1430499795.50412,pg_catalog,pg_opfamily,3,258,0,0,0,0,0,0,86,0,4,4,0,0,,,,
1430499795.50412,pg_catalog,pg_shdescription,14,39,5,0,0,0,0,0,3,0,11,8,11,0,0,0,0,0
1430499795.50412,pg_catalog,pg_event_trigger,3,0,27,0,0,0,0,0,0,0,0,0,2,25,,,,
1430499795.50412,pg_catalog,pg_user_mapping,3,0,0,0,0,0,0,0,0,0,0,0,0,0,,,,
1430499795.50412,public,new_order,4,144000,59060,56717,70004,0,27030,0,42617,17704,968,145477,418,249618,,,,
1430499795.50412,pg_catalog,pg_inherits,3,0,84,0,0,0,0,0,0,0,0,0,2,82,,,,
1430499795.50412,pg_toast,pg_toast_3596,0,0,0,0,0,0,0,0,0,0,0,0,0,0,,,,
1430499795.50412,pg_catalog,pg_rewrite,3,327,9,9,0,0,0,0,109,0,27,26,2,14,51,40,8,138
1430499795.50412,public,stock,4,1600000,904161,723093,400000,357294,0,0,397358,100651,121616,1481429,2844,3798133,,,,
1430499795.50412,pg_catalog,pg_foreign_data_wrapper,3,0,0,0,0,0,0,0,0,0,0,0,0,0,,,,
1430499795.50412,pg_catalog,pg_largeobject_metadata,2,0,0,0,0,0,0,0,0,0,0,0,0,0,,,,
1430499795.50412,pg_catalog,pg_opclass,11,392,889,12884,0,0,0,0,128,0,9,4760,12,1073,,,,
1430499795.50412,pg_catalog,pg_attrdef,3,0,0,0,0,0,0,0,0,0,0,0,0,0,0,0,0,0
1430499795.50412,pg_catalog,pg_default_acl,3,0,59,0,0,0,0,0,0,0,0,0,2,57,,,,
1430499795.50412,pg_catalog,pg_aggregate,2,266,83,83,0,0,0,0,133,0,5,84,2,124,,,,
1430499795.50412,pg_toast,pg_toast_12329,0,0,0,0,0,0,0,0,0,0,0,0,0,0,,,,
1430499795.50412,public,district,91098,3417720,58364,58364,40,66417,0,65589,40,491,292,10828766,5,92622,,,,
1430499795.50412,pg_catalog,pg_ts_dict,3,48,0,0,0,0,0,0,16,0,2,2,0,0,,,,
1430499795.50412,pg_catalog,pg_index,39,1145,2362,2765,27,0,17,0,123,17,13,2492,12,2646,,,,
1430499795.50412,public,history,1,120000,,,152413,0,0,0,152413,0,2963,38209,,,,,,
1430499795.50412,pg_catalog,pg_tablespace,33,66,3003,3003,0,0,0,0,2,0,24,3017,52,5980,,,,
1430499795.50412,pg_toast,pg_toast_2619,0,0,1624,4877,132,0,69,0,63,69,49,2458,4,1805,,,,
1430499795.50412,pg_catalog,pg_constraint,5,50,8,0,8,0,0,0,10,0,6,33,8,64,0,0,0,0
1430499795.50412,pg_toast,pg_toast_2618,0,0,67,209,0,0,0,0,0,0,51,40,4,69,,,,
1430499795.50412,pg_catalog,pg_cast,3,594,7397,1576,0,0,0,0,198,0,6,1578,6,7468,,,,
1430499795.50412,pg_catalog,pg_ts_config,3,48,0,0,0,0,0,0,16,0,2,2,0,0,,,,
1430499795.50412,pg_catalog,pg_ts_parser,3,3,0,0,0,0,0,0,1,0,2,2,0,0,,,,
1430499795.50412,pg_toast,pg_toast_2620,0,0,0,0,0,0,0,0,0,0,0,0,0,0,,,,
1430499795.50412,pg_toast,pg_toast_2396,0,0,0,0,0,0,0,0,0,0,0,0,0,0,,,,
1430499795.50412,pg_catalog,pg_largeobject,2,0,0,0,0,0,0,0,0,0,0,0,0,0,,,,
1430499795.50412,pg_catalog,pg_enum,4,0,0,0,0,0,0,0,0,0,0,0,0,0,,,,
1430499795.50412,pg_catalog,pg_foreign_table,2,0,0,0,0,0,0,0,0,0,0,0,0,0,,,,
1430499795.50412,pg_catalog,pg_collation,3,1806,0,0,0,0,0,0,602,0,38,38,0,0,,,,
1430499795.50412,pg_catalog,pg_am,147,159,0,0,0,0,0,0,5,0,3,145,0,0,,,,
1430499795.50412,pg_catalog,pg_proc,3,8073,2027,2658,6,0,0,0,2691,0,168,2447,33,4269,0,0,0,0
1430499795.50412,pg_catalog,pg_shdepend,15,15,1702,426,0,0,0,0,1,0,11,435,44,1770,,,,
1430499795.50412,public,order_line,4,4552236,65004,779172,1495353,280230,0,84954,1404445,224640,100540,1605331,6327,1865404,,,,
1430499795.50412,pg_catalog,pg_language,4,16,10,10,0,0,0,0,4,0,2,13,4,18,,,,
1430499795.50412,pg_catalog,pg_range,2,12,2,0,0,0,0,0,6,0,2,1,2,2,,,,
1430499795.50412,pg_catalog,pg_attribute,48,8066,7236,23824,1401,20,1219,1,2491,0,150,12175,48,20356,,,,
1430499795.50412,pg_catalog,pg_database,1436,5581,56410,56398,6,0,5,0,4,0,5,57855,96,66173,,,,
1430499795.50412,pg_catalog,pg_conversion,4,528,0,0,0,0,0,0,132,0,6,9,0,0,,,,
1430499795.50412,pg_catalog,pg_type,3,1099,3216,2857,173,0,151,0,361,0,30,3262,20,7101,,,,
1430499795.50412,public,item,4,400000,357639,357294,100000,0,0,0,100000,0,3845,365096,276,716722,,,,
1430499795.50412,pg_catalog,pg_trigger,4,0,0,0,0,0,0,0,0,0,0,0,0,0,0,0,0,0
1430499795.50412,public,orders,6,720000,62048,63899,154004,29530,0,18653,153804,12709,3522,160131,1517,457368,,,,
1430499795.50412,information_schema,sql_implementation_info,1,12,,,0,0,0,0,12,0,2,0,,,0,0,0,0
1430499795.50412,information_schema,sql_languages,1,4,,,0,0,0,0,4,0,2,0,,,0,0,0,0
1430499795.50412,pg_toast,pg_toast_12309,0,0,0,0,0,0,0,0,0,0,0,0,0,0,,,,
1430499795.50412,pg_toast,pg_toast_12334,0,0,0,0,0,0,0,0,0,0,0,0,0,0,,,,
1430499795.50412,pg_catalog,pg_amop,4,1744,1086,1425,0,0,0,0,436,0,12,1433,23,2309,,,,
1430499795.50412,pg_toast,pg_toast_1255,0,0,0,0,0,0,0,0,0,0,0,0,0,0,,,,
1430499795.50412,pg_toast,pg_toast_12314,0,0,0,0,0,0,0,0,0,0,0,0,0,0,,,,
1430499795.50412,pg_toast,pg_toast_12324,0,0,0,0,0,0,0,0,0,0,0,0,0,0,,,,
1430499795.50412,pg_catalog,pg_amproc,11,1048,570,847,0,0,0,0,344,0,9,578,9,1263,,,,
1430499795.50412,pg_toast,pg_toast_2964,0,0,0,0,0,0,0,0,0,0,0,0,0,0,,,,
1430499795.50412,pg_catalog,pg_ts_template,3,15,0,0,0,0,0,0,5,0,2,2,0,0,,,,
1430499795.50412,pg_catalog,pg_db_role_setting,15,0,19728,0,0,0,0,0,0,0,0,0,24,19704,0,0,0,0
1430499795.50412,pg_toast,pg_toast_2609,0,0,0,0,0,0,0,0,0,0,0,0,0,0,,,,
1430499795.50412,information_schema,sql_parts,1,9,,,0,0,0,0,9,0,2,0,,,0,0,0,0
1430499795.50412,public,customer,6,720000,152713,392162,120000,61943,0,43441,120023,23154,78978,544434,1890,572294,,,,
1430499795.50412,pg_catalog,pg_class,119,16382,7222,6362,122,324,101,67,316,0,35,8597,33,13300,,,,
1430499795.50412,pg_catalog,pg_seclabel,2,0,252,0,0,0,0,0,0,0,0,0,2,250,0,0,0,0
1430499795.50412,pg_catalog,pg_ts_config_map,2,608,0,0,0,0,0,0,304,0,4,2,0,0,,,,
1430499795.50412,information_schema,sql_sizing,1,23,,,0,0,0,0,23,0,2,0,,,0,0,0,0
1430499795.50412,pg_toast,pg_toast_12339,0,0,0,0,0,0,0,0,0,0,0,0,0,0,,,,
1430499795.50412,information_schema,sql_packages,1,10,,,0,0,0,0,10,0,2,0,,,0,0,0,0
1430499795.50412,public,warehouse,66068,199840,48874,48874,4,32413,0,31673,4,1904,125,2933175,2,49696,,,,
1430499795.50412,pg_toast,pg_toast_2606,0,0,0,0,0,0,0,0,0,0,0,0,0,0,,,,
1430499795.50412,pg_catalog,pg_pltemplate,10,80,0,0,0,0,0,0,8,0,10,5,0,0,,,,
1430499795.50412,pg_catalog,pg_auth_members,15,0,0,0,0,0,0,0,0,0,0,0,0,0,,,,
1430499795.50412,pg_catalog,pg_depend,3,20120,2731,2507,348,0,256,0,6672,256,103,3172,39,6884,,,,
1430499795.50412,pg_toast,pg_toast_2604,0,0,0,0,0,0,0,0,0,0,0,0,0,0,,,,
1430499795.50412,pg_catalog,pg_shseclabel,10,0,5,0,0,0,0,0,0,0,0,0,5,0,,,,
1430499795.50412,information_schema,sql_features,1,672,,,0,0,0,0,672,0,14,0,,,0,0,0,0
1430499795.50412,pg_toast,pg_toast_12319,0,0,0,0,0,0,0,0,0,0,0,0,0,0,,,,
1430499795.50412,pg_catalog,pg_description,2,7372,252,0,0,0,0,0,3686,0,64,32,6,501,0,0,0,0
1430499795.50412,pg_catalog,pg_namespace,7,42,437,320,0,0,0,0,6,0,3,325,12,562,,,,
1430499795.50412,information_schema,sql_sizing_profiles,1,0,,,0,0,0,0,0,0,0,0,,,0,0,0,0
1430499795.50412,pg_catalog,pg_foreign_server,3,0,0,0,0,0,0,0,0,0,0,0,0,0,,,,
1430499855.54261,pg_catalog,pg_operator,3,2295,1555,10145,0,0,0,0,765,0,42,7072,20,3294,,,,
1430499855.54261,pg_catalog,pg_extension,3,3,0,0,0,0,0,0,1,0,2,2,0,0,,,,
1430499855.54261,pg_catalog,pg_authid,317,317,7800,7800,0,0,0,0,1,0,24,8098,86,15514,,,,
1430499855.54261,pg_catalog,pg_statistic,2,798,8436,8245,92,554,0,180,491,115,75,9787,13,17887,49,2858,4,2005
1430499855.54261,pg_catalog,pg_opfamily,3,258,0,0,0,0,0,0,86,0,4,4,0,0,,,,
1430499855.54261,pg_catalog,pg_shdescription,14,39,5,0,0,0,0,0,3,0,11,8,11,0,0,0,0,0
1430499855.54261,pg_catalog,pg_event_trigger,3,0,27,0,0,0,0,0,0,0,0,0,2,25,,,,
1430499855.54261,pg_catalog,pg_user_mapping,3,0,0,0,0,0,0,0,0,0,0,0,0,0,,,,
1430499855.54261,public,new_order,4,144000,135640,129863,113157,0,61680,0,50748,19948,1061,454146,728,732112,,,,
1430499855.54261,pg_catalog,pg_inherits,3,0,84,0,0,0,0,0,0,0,0,0,2,82,,,,
1430499855.54261,pg_toast,pg_toast_3596,0,0,0,0,0,0,0,0,0,0,0,0,0,0,,,,
1430499855.54261,pg_catalog,pg_rewrite,3,327,16,16,0,0,0,0,109,0,27,33,2,26,51,47,8,154
1430499855.54261,public,stock,4,1600000,2038054,1639904,400000,810200,0,0,397358,553557,122560,2884931,2999,8573291,,,,
1430499855.54261,pg_catalog,pg_foreign_data_wrapper,3,0,0,0,0,0,0,0,0,0,0,0,0,0,,,,
1430499855.54261,pg_catalog,pg_largeobject_metadata,2,0,0,0,0,0,0,0,0,0,0,0,0,0,,,,
1430499855.54261,pg_catalog,pg_opclass,11,392,905,13067,0,0,0,0,128,0,9,4828,12,1097,,,,
1430499855.54261,pg_catalog,pg_attrdef,3,0,0,0,0,0,0,0,0,0,0,0,0,0,0,0,0,0
1430499855.54261,pg_catalog,pg_default_acl,3,0,59,0,0,0,0,0,0,0,0,0,2,57,,,,
1430499855.54261,pg_catalog,pg_aggregate,2,266,84,84,0,0,0,0,133,0,5,85,2,126,,,,
1430499855.54261,pg_toast,pg_toast_12329,0,0,0,0,0,0,0,0,0,0,0,0,0,0,,,,
1430499855.54261,public,district,91098,3417720,242730,242730,40,151149,0,150269,40,700,292,11246030,5,469997,,,,
1430499855.54261,pg_catalog,pg_ts_dict,3,48,0,0,0,0,0,0,16,0,2,2,0,0,,,,
1430499855.54261,pg_catalog,pg_index,44,1760,2589,3125,27,0,17,0,123,17,13,2734,12,2883,,,,
1430499855.54261,public,history,1,120000,,,193992,0,0,0,193922,0,3444,80790,,,,,,
1430499855.54261,pg_catalog,pg_tablespace,33,66,3008,3008,0,0,0,0,2,0,24,3022,52,5990,,,,
1430499855.54261,pg_toast,pg_toast_2619,0,0,1824,6037,132,0,69,0,63,69,49,2858,4,2005,,,,
1430499855.54261,pg_catalog,pg_constraint,5,50,8,0,8,0,0,0,10,0,6,33,8,64,0,0,0,0
1430499855.54261,pg_toast,pg_toast_2618,0,0,72,225,0,0,0,0,0,0,51,47,4,77,,,,
1430499855.54261,pg_catalog,pg_cast,3,594,7466,1604,0,0,0,0,198,0,6,1606,6,7542,,,,
1430499855.54261,pg_catalog,pg_ts_config,3,48,0,0,0,0,0,0,16,0,2,2,0,0,,,,
1430499855.54261,pg_catalog,pg_ts_parser,3,3,0,0,0,0,0,0,1,0,2,2,0,0,,,,
1430499855.54261,pg_toast,pg_toast_2620,0,0,0,0,0,0,0,0,0,0,0,0,0,0,,,,
1430499855.54261,pg_toast,pg_toast_2396,0,0,0,0,0,0,0,0,0,0,0,0,0,0,,,,
1430499855.54261,pg_catalog,pg_largeobject,2,0,0,0,0,0,0,0,0,0,0,0,0,0,,,,
1430499855.54261,pg_catalog,pg_enum,4,0,0,0,0,0,0,0,0,0,0,0,0,0,,,,
1430499855.54261,pg_catalog,pg_foreign_table,2,0,0,0,0,0,0,0,0,0,0,0,0,0,,,,
1430499855.54261,pg_catalog,pg_collation,3,1806,0,0,0,0,0,0,602,0,38,38,0,0,,,,
1430499855.54261,pg_catalog,pg_am,152,164,0,0,0,0,0,0,5,0,3,150,0,0,,,,
1430499855.54261,pg_catalog,pg_proc,3,8073,2105,2771,6,0,0,0,2691,0,168,2540,33,4435,0,0,0,0
1430499855.54261,pg_catalog,pg_shdepend,15,15,1702,426,0,0,0,0,1,0,11,435,44,1770,,,,
1430499855.54261,public,order_line,4,4552236,149243,1829099,1948259,672581,0,317296,1853452,460614,109022,3281647,10679,3972255,,,,
1430499855.54261,pg_catalog,pg_language,4,16,10,10,0,0,0,0,4,0,2,13,4,18,,,,
1430499855.54261,pg_catalog,pg_range,2,12,2,0,0,0,0,0,6,0,2,1,2,2,,,,
1430499855.54261,pg_catalog,pg_attribute,48,8066,7862,27350,1401,20,1219,1,2491,0,150,13003,48,21615,,,,
1430499855.54261,pg_catalog,pg_database,1439,5593,56477,56465,6,0,5,0,4,0,5,57925,96,66254,,,,
1430499855.54261,pg_catalog,pg_conversion,4,528,0,0,0,0,0,0,132,0,6,9,0,0,,,,
1430499855.54261,pg_catalog,pg_type,3,1099,3308,2949,173,0,151,0,361,0,30,3354,20,7290,,,,
1430499855.54261,public,item,4,400000,810955,810200,100000,0,0,0,100000,0,3845,818002,276,1625444,,,,
1430499855.54261,pg_catalog,pg_trigger,4,0,0,0,0,0,0,0,0,0,0,0,0,0,0,0,0,0
1430499855.54261,public,orders,6,720000,142384,151056,197157,67820,0,50404,196518,19966,3955,345034,1991,998766,,,,
1430499855.54261,information_schema,sql_implementation_info,1,12,,,0,0,0,0,12,0,2,0,,,0,0,0,0
1430499855.54261,information_schema,sql_languages,1,4,,,0,0,0,0,4,0,2,0,,,0,0,0,0
1430499855.54261,pg_toast,pg_toast_12309,0,0,0,0,0,0,0,0,0,0,0,0,0,0,,,,
1430499855.54261,pg_toast,pg_toast_12334,0,0,0,0,0,0,0,0,0,0,0,0,0,0,,,,
1430499855.54261,pg_catalog,pg_amop,4,1744,1119,1466,0,0,0,0,436,0,12,1474,23,2383,,,,
1430499855.54261,pg_toast,pg_toast_1255,0,0,0,0,0,0,0,0,0,0,0,0,0,0,,,,
1430499855.54261,pg_toast,pg_toast_12314,0,0,0,0,0,0,0,0,0,0,0,0,0,0,,,,
1430499855.54261,pg_toast,pg_toast_12324,0,0,0,0,0,0,0,0,0,0,0,0,0,0,,,,
1430499855.54261,pg_catalog,pg_amproc,11,1048,585,870,0,0,0,0,344,0,9,593,9,1298,,,,
1430499855.54261,pg_toast,pg_toast_2964,0,0,0,0,0,0,0,0,0,0,0,0,0,0,,,,
1430499855.54261,pg_catalog,pg_ts_template,3,15,0,0,0,0,0,0,5,0,2,2,0,0,,,,
1430499855.54261,pg_catalog,pg_db_role_setting,15,0,19756,0,0,0,0,0,0,0,0,0,24,19732,0,0,0,0
1430499855.54261,pg_toast,pg_toast_2609,0,0,0,0,0,0,0,0,0,0,0,0,0,0,,,,
1430499855.54261,information_schema,sql_parts,1,9,,,0,0,0,0,9,0,2,0,,,0,0,0,0
1430499855.54261,public,customer,6,720000,348370,831390,120000,141812,0,119472,119952,7312,79092,1107847,1910,1186969,,,,
1430499855.54261,pg_catalog,pg_class,125,18278,8414,7431,122,324,101,67,316,0,35,9715,33,14743,,,,
1430499855.54261,pg_catalog,pg_seclabel,2,0,252,0,0,0,0,0,0,0,0,0,2,250,0,0,0,0
1430499855.54261,pg_catalog,pg_ts_config_map,2,608,0,0,0,0,0,0,304,0,4,2,0,0,,,,
1430499855.54261,information_schema,sql_sizing,1,23,,,0,0,0,0,23,0,2,0,,,0,0,0,0
1430499855.54261,pg_toast,pg_toast_12339,0,0,0,0,0,0,0,0,0,0,0,0,0,0,,,,
1430499855.54261,information_schema,sql_packages,1,10,,,0,0,0,0,10,0,2,0,,,0,0,0,0
1430499855.54261,public,warehouse,66068,199840,175185,175185,4,73992,0,72361,4,2910,125,3877729,2,176898,,,,
1430499855.54261,pg_toast,pg_toast_2606,0,0,0,0,0,0,0,0,0,0,0,0,0,0,,,,
1430499855.54261,pg_catalog,pg_pltemplate,10,80,0,0,0,0,0,0,8,0,10,5,0,0,,,,
1430499855.54261,pg_catalog,pg_auth_members,15,0,0,0,0,0,0,0,0,0,0,0,0,0,,,,
1430499855.54261,pg_catalog,pg_depend,3,20120,2731,2507,348,0,256,0,6672,256,103,3172,39,6884,,,,
1430499855.54261,pg_toast,pg_toast_2604,0,0,0,0,0,0,0,0,0,0,0,0,0,0,,,,
1430499855.54261,pg_catalog,pg_shseclabel,10,0,5,0,0,0,0,0,0,0,0,0,5,0,,,,
1430499855.54261,information_schema,sql_features,1,672,,,0,0,0,0,672,0,14,0,,,0,0,0,0
1430499855.54261,pg_toast,pg_toast_12319,0,0,0,0,0,0,0,0,0,0,0,0,0,0,,,,
1430499855.54261,pg_catalog,pg_description,2,7372,252,0,0,0,0,0,3686,0,64,32,6,501,0,0,0,0
1430499855.54261,pg_catalog,pg_namespace,9,54,575,453,0,0,0,0,6,0,3,460,12,707,,,,
1430499855.54261,information_schema,sql_sizing_profiles,1,0,,,0,0,0,0,0,0,0,0,,,0,0,0,0
1430499855.54261,pg_catalog,pg_foreign_server,3,0,0,0,0,0,0,0,0,0,0,0,0,0,,,,
1430499915.6014,pg_catalog,pg_operator,3,2295,1584,10174,0,0,0,0,765,0,42,7101,20,3362,,,,
1430499915.6014,pg_catalog,pg_extension,3,3,0,0,0,0,0,0,1,0,2,2,0,0,,,,
1430499915.6014,pg_catalog,pg_authid,318,318,7812,7812,0,0,0,0,1,0,24,8111,86,15538,,,,
1430499915.6014,pg_catalog,pg_statistic,2,798,11830,11633,92,683,0,251,491,222,83,13507,13,24798,67,4289,4,2933
1430499915.6014,pg_catalog,pg_opfamily,3,258,0,0,0,0,0,0,86,0,4,4,0,0,,,,
1430499915.6014,pg_catalog,pg_shdescription,14,39,5,0,0,0,0,0,3,0,11,8,11,0,0,0,0,0
1430499915.6014,pg_catalog,pg_event_trigger,3,0,27,0,0,0,0,0,0,0,0,0,2,25,,,,
1430499915.6014,pg_catalog,pg_user_mapping,3,0,0,0,0,0,0,0,0,0,0,0,0,0,,,,
1430499915.6014,public,new_order,4,144000,210560,201645,154889,0,95770,0,57957,22135,1061,1219815,869,1246632,,,,
1430499915.6014,pg_catalog,pg_inherits,3,0,84,0,0,0,0,0,0,0,0,0,2,82,,,,
1430499915.6014,pg_toast,pg_toast_3596,0,0,0,0,0,0,0,0,0,0,0,0,0,0,,,,
1430499915.6014,pg_catalog,pg_rewrite,3,327,23,23,0,0,0,0,109,0,27,40,2,38,51,54,8,170
1430499915.6014,public,stock,4,1600000,3126066,2524723,400000,1247705,0,0,397456,330234,124501,4516585,3070,13167558,,,,
1430499915.6014,pg_catalog,pg_foreign_data_wrapper,3,0,0,0,0,0,0,0,0,0,0,0,0,0,,,,
1430499915.6014,pg_catalog,pg_largeobject_metadata,2,0,0,0,0,0,0,0,0,0,0,0,0,0,,,,
1430499915.6014,pg_catalog,pg_opclass,11,392,952,13797,0,0,0,0,128,0,9,5071,12,1156,,,,
1430499915.6014,pg_catalog,pg_attrdef,3,0,0,0,0,0,0,0,0,0,0,0,0,0,0,0,0,0
1430499915.6014,pg_catalog,pg_default_acl,3,0,59,0,0,0,0,0,0,0,0,0,2,57,,,,
1430499915.6014,pg_catalog,pg_aggregate,2,266,85,85,0,0,0,0,133,0,5,86,2,128,,,,
1430499915.6014,pg_toast,pg_toast_12329,0,0,0,0,0,0,0,0,0,0,0,0,0,0,,,,
1430499915.6014,public,district,91098,3417720,419007,419007,40,232647,0,230838,40,510,324,11978707,5,832708,,,,
1430499915.6014,pg_catalog,pg_ts_dict,3,48,0,0,0,0,0,0,16,0,2,2,0,0,,,,
1430499915.6014,pg_catalog,pg_index,49,2375,3302,3934,27,0,17,0,123,17,13,3460,12,3610,,,,
1430499915.6014,public,history,1,120000,,,233758,0,0,0,233357,0,6480,123133,,,,,,
1430499915.6014,pg_catalog,pg_tablespace,33,66,3013,3013,0,0,0,0,2,0,24,3027,52,6000,,,,
1430499915.6014,pg_toast,pg_toast_2619,0,0,2619,8455,221,0,158,0,72,91,67,4289,4,2933,,,,
1430499915.6014,pg_catalog,pg_constraint,5,50,8,0,8,0,0,0,10,0,6,33,8,64,0,0,0,0
1430499915.6014,pg_toast,pg_toast_2618,0,0,77,241,0,0,0,0,0,0,51,54,4,85,,,,
1430499915.6014,pg_catalog,pg_cast,3,594,7763,1672,0,0,0,0,198,0,6,1674,6,7846,,,,
1430499915.6014,pg_catalog,pg_ts_config,3,48,0,0,0,0,0,0,16,0,2,2,0,0,,,,
1430499915.6014,pg_catalog,pg_ts_parser,3,3,0,0,0,0,0,0,1,0,2,2,0,0,,,,
1430499915.6014,pg_toast,pg_toast_2620,0,0,0,0,0,0,0,0,0,0,0,0,0,0,,,,
1430499915.6014,pg_toast,pg_toast_2396,0,0,0,0,0,0,0,0,0,0,0,0,0,0,,,,
1430499915.6014,pg_catalog,pg_largeobject,2,0,0,0,0,0,0,0,0,0,0,0,0,0,,,,
1430499915.6014,pg_catalog,pg_enum,4,0,0,0,0,0,0,0,0,0,0,0,0,0,,,,
1430499915.6014,pg_catalog,pg_foreign_table,2,0,0,0,0,0,0,0,0,0,0,0,0,0,,,,
1430499915.6014,pg_catalog,pg_collation,3,1806,0,0,0,0,0,0,602,0,38,38,0,0,,,,
1430499915.6014,pg_catalog,pg_am,159,171,0,0,0,0,0,0,5,0,3,157,0,0,,,,
1430499915.6014,pg_catalog,pg_proc,3,8073,2183,2884,6,0,0,0,2691,0,168,2633,33,4601,0,0,0,0
1430499915.6014,pg_catalog,pg_shdepend,15,15,1702,426,0,0,0,0,1,0,11,435,44,1770,,,,
1430499915.6014,public,order_line,4,4552236,231510,2866238,2385764,1065977,0,549217,2274535,263124,126747,5020538,15398,6041833,,,,
1430499915.6014,pg_catalog,pg_language,4,16,10,10,0,0,0,0,4,0,2,13,4,18,,,,
1430499915.6014,pg_catalog,pg_range,2,12,2,0,0,0,0,0,6,0,2,1,2,2,,,,
1430499915.6014,pg_catalog,pg_attribute,48,8066,9394,36157,1401,20,1219,1,2491,0,150,15364,48,24688,,,,
1430499915.6014,pg_catalog,pg_database,1443,5609,56549,56537,6,0,5,0,4,0,5,58001,96,66342,,,,
1430499915.6014,pg_catalog,pg_conversion,4,528,0,0,0,0,0,0,132,0,6,9,0,0,,,,
1430499915.6014,pg_catalog,pg_type,3,1099,3414,3055,173,0,151,0,361,0,30,3460,20,7509,,,,
1430499915.6014,public,item,4,400000,1248861,1247705,100000,0,0,0,100000,0,3845,1255507,276,2503306,,,,
1430499915.6014,pg_catalog,pg_trigger,4,0,0,0,0,0,0,0,0,0,0,0,0,0,0,0,0,0
1430499915.6014,public,orders,6,720000,221039,242960,238889,105280,0,77176,237838,32793,4391,546156,2554,1551744,,,,
1430499915.6014,information_schema,sql_implementation_info,1,12,,,0,0,0,0,12,0,2,0,,,0,0,0,0
1430499915.6014,information_schema,sql_languages,1,4,,,0,0,0,0,4,0,2,0,,,0,0,0,0
1430499915.6014,pg_toast,pg_toast_12309,0,0,0,0,0,0,0,0,0,0,0,0,0,0,,,,
1430499915.6014,pg_toast,pg_toast_12334,0,0,0,0,0,0,0,0,0,0,0,0,0,0,,,,
1430499915.6014,pg_catalog,pg_amop,4,1744,1200,1557,0,0,0,0,436,0,12,1565,23,2557,,,,
1430499915.6014,pg_toast,pg_toast_1255,0,0,0,0,0,0,0,0,0,0,0,0,0,0,,,,
1430499915.6014,pg_toast,pg_toast_12314,0,0,0,0,0,0,0,0,0,0,0,0,0,0,,,,
1430499915.6014,pg_toast,pg_toast_12324,0,0,0,0,0,0,0,0,0,0,0,0,0,0,,,,
1430499915.6014,pg_catalog,pg_amproc,11,1048,625,917,0,0,0,0,344,0,9,627,9,1385,,,,
1430499915.6014,pg_toast,pg_toast_2964,0,0,0,0,0,0,0,0,0,0,0,0,0,0,,,,
1430499915.6014,pg_catalog,pg_ts_template,3,15,0,0,0,0,0,0,5,0,2,2,0,0,,,,
1430499915.6014,pg_catalog,pg_db_role_setting,15,0,19788,0,0,0,0,0,0,0,0,0,24,19764,0,0,0,0
1430499915.6014,pg_toast,pg_toast_2609,0,0,0,0,0,0,0,0,0,0,0,0,0,0,,,,
1430499915.6014,information_schema,sql_parts,1,9,,,0,0,0,0,9,0,2,0,,,0,0,0,0
1430499915.6014,public,customer,6,720000,536790,1305186,120000,219038,0,186374,120082,17273,79096,1795849,1941,1820538,,,,
1430499915.6014,pg_catalog,pg_class,139,22104,11217,10111,122,324,101,67,316,0,35,12549,33,18195,,,,
1430499915.6014,pg_catalog,pg_seclabel,2,0,252,0,0,0,0,0,0,0,0,0,2,250,0,0,0,0
1430499915.6014,pg_catalog,pg_ts_config_map,2,608,0,0,0,0,0,0,304,0,4,2,0,0,,,,
1430499915.6014,information_schema,sql_sizing,1,23,,,0,0,0,0,23,0,2,0,,,0,0,0,0
1430499915.6014,pg_toast,pg_toast_12339,0,0,0,0,0,0,0,0,0,0,0,0,0,0,,,,
1430499915.6014,information_schema,sql_packages,1,10,,,0,0,0,0,10,0,2,0,,,0,0,0,0
1430499915.6014,public,warehouse,66068,199840,296449,296449,4,113758,0,111273,3,1536,191,5218754,2,299098,,,,
1430499915.6014,pg_toast,pg_toast_2606,0,0,0,0,0,0,0,0,0,0,0,0,0,0,,,,
1430499915.6014,pg_catalog,pg_pltemplate,10,80,0,0,0,0,0,0,8,0,10,5,0,0,,,,
1430499915.6014,pg_catalog,pg_auth_members,15,0,0,0,0,0,0,0,0,0,0,0,0,0,,,,
1430499915.6014,pg_catalog,pg_depend,3,20120,2731,2507,348,0,256,0,6672,256,103,3172,39,6884,,,,
1430499915.6014,pg_toast,pg_toast_2604,0,0,0,0,0,0,0,0,0,0,0,0,0,0,,,,
1430499915.6014,pg_catalog,pg_shseclabel,10,0,5,0,0,0,0,0,0,0,0,0,5,0,,,,
1430499915.6014,information_schema,sql_features,1,672,,,0,0,0,0,672,0,14,0,,,0,0,0,0
1430499915.6014,pg_toast,pg_toast_12319,0,0,0,0,0,0,0,0,0,0,0,0,0,0,,,,
1430499915.6014,pg_catalog,pg_description,2,7372,252,0,0,0,0,0,3686,0,64,32,6,501,0,0,0,0
1430499915.6014,pg_catalog,pg_namespace,11,66,716,589,0,0,0,0,6,0,3,598,12,857,,,,
1430499915.6014,information_schema,sql_sizing_profiles,1,0,,,0,0,0,0,0,0,0,0,,,0,0,0,0
1430499915.6014,pg_catalog,pg_foreign_server,3,0,0,0,0,0,0,0,0,0,0,0,0,0,,,,
1430499975.5981,pg_catalog,pg_operator,3,2295,1610,10200,0,0,0,0,765,0,42,7127,20,3426,,,,
1430499975.5981,pg_catalog,pg_extension,3,3,0,0,0,0,0,0,1,0,2,2,0,0,,,,
1430499975.5981,pg_catalog,pg_authid,319,319,7823,7823,0,0,0,0,1,0,24,8123,86,15560,,,,
1430499975.5981,pg_catalog,pg_statistic,2,798,14740,14535,92,761,0,309,491,64,93,16666,13,30711,67,5642,4,3727
1430499975.5981,pg_catalog,pg_opfamily,3,258,0,0,0,0,0,0,86,0,4,4,0,0,,,,
1430499975.5981,pg_catalog,pg_shdescription,14,39,5,0,0,0,0,0,3,0,11,8,11,0,0,0,0,0
1430499975.5981,pg_catalog,pg_event_trigger,3,0,27,0,0,0,0,0,0,0,0,0,2,25,,,,
1430499975.5981,pg_catalog,pg_user_mapping,3,0,0,0,0,0,0,0,0,0,0,0,0,0,,,,
1430499975.5981,public,new_order,4,144000,287580,275230,197045,0,130700,0,64738,21933,1141,1980423,984,1772814,,,,
1430499975.5981,pg_catalog,pg_inherits,3,0,84,0,0,0,0,0,0,0,0,0,2,82,,,,
1430499975.5981,pg_toast,pg_toast_3596,0,0,0,0,0,0,0,0,0,0,0,0,0,0,,,,
1430499975.5981,pg_catalog,pg_rewrite,3,327,32,32,0,0,0,0,109,0,27,49,2,54,51,62,8,190
1430499975.5981,public,stock,4,1600000,4228145,3418400,400000,1689853,0,0,399121,193007,125161,6091044,3092,17818520,,,,
1430499975.5981,pg_catalog,pg_foreign_data_wrapper,3,0,0,0,0,0,0,0,0,0,0,0,0,0,,,,
1430499975.5981,pg_catalog,pg_largeobject_metadata,2,0,0,0,0,0,0,0,0,0,0,0,0,0,,,,
1430499975.5981,pg_catalog,pg_opclass,13,394,1075,14426,0,0,0,0,128,0,9,5348,12,1292,,,,
1430499975.5981,pg_catalog,pg_attrdef,3,0,0,0,0,0,0,0,0,0,0,0,0,0,0,0,0,0
1430499975.5981,pg_catalog,pg_default_acl,3,0,59,0,0,0,0,0,0,0,0,0,2,57,,,,
1430499975.5981,pg_catalog,pg_aggregate,2,266,86,86,0,0,0,0,133,0,5,87,2,130,,,,
1430499975.5981,pg_toast,pg_toast_12329,0,0,0,0,0,0,0,0,0,0,0,0,0,0,,,,
1430499975.5981,public,district,91098,3417720,597162,597162,40,315418,0,312860,40,682,324,12699707,5,1199065,,,,
1430499975.5981,pg_catalog,pg_ts_dict,3,48,0,0,0,0,0,0,16,0,2,2,0,0,,,,
1430499975.5981,pg_catalog,pg_index,61,2997,3866,4596,27,0,17,0,123,17,13,4049,12,4190,,,,
1430499975.5981,public,history,1,120000,,,274373,0,0,0,274284,0,8217,166282,,,,,,
1430499975.5981,pg_catalog,pg_tablespace,33,66,3018,3018,0,0,0,0,2,0,24,3032,52,6010,,,,
1430499975.5981,pg_toast,pg_toast_2619,0,0,3355,10731,277,0,216,0,68,58,67,5642,4,3727,,,,
1430499975.5981,pg_catalog,pg_constraint,5,50,8,0,8,0,0,0,10,0,6,33,8,64,0,0,0,0
1430499975.5981,pg_toast,pg_toast_2618,0,0,83,259,0,0,0,0,0,0,51,62,4,95,,,,
1430499975.5981,pg_catalog,pg_cast,3,594,7982,1731,0,0,0,0,198,0,6,1733,6,8073,,,,
1430499975.5981,pg_catalog,pg_ts_config,3,48,0,0,0,0,0,0,16,0,2,2,0,0,,,,
1430499975.5981,pg_catalog,pg_ts_parser,3,3,0,0,0,0,0,0,1,0,2,2,0,0,,,,
1430499975.5981,pg_toast,pg_toast_2620,0,0,0,0,0,0,0,0,0,0,0,0,0,0,,,,
1430499975.5981,pg_toast,pg_toast_2396,0,0,0,0,0,0,0,0,0,0,0,0,0,0,,,,
1430499975.5981,pg_catalog,pg_largeobject,2,0,0,0,0,0,0,0,0,0,0,0,0,0,,,,
1430499975.5981,pg_catalog,pg_enum,4,0,0,0,0,0,0,0,0,0,0,0,0,0,,,,
1430499975.5981,pg_catalog,pg_foreign_table,2,0,0,0,0,0,0,0,0,0,0,0,0,0,,,,
1430499975.5981,pg_catalog,pg_collation,3,1806,0,0,0,0,0,0,602,0,38,38,0,0,,,,
1430499975.5981,pg_catalog,pg_am,167,179,0,0,0,0,0,0,5,0,3,165,0,0,,,,
1430499975.5981,pg_catalog,pg_proc,3,8073,2273,3023,6,0,0,0,2691,0,168,2744,33,4795,0,0,0,0
1430499975.5981,pg_catalog,pg_shdepend,15,15,1702,426,0,0,0,0,1,0,11,435,44,1770,,,,
1430499975.5981,public,order_line,4,4552236,316167,3931912,2827912,1470638,0,793883,2711514,484291,139479,6713037,18857,8117743,,,,
1430499975.5981,pg_catalog,pg_language,4,16,10,10,0,0,0,0,4,0,2,13,4,18,,,,
1430499975.5981,pg_catalog,pg_range,2,12,2,0,0,0,0,0,6,0,2,1,2,2,,,,
1430499975.5981,pg_catalog,pg_attribute,59,8141,10686,44093,1401,20,1219,1,2491,0,150,17415,48,27283,,,,
1430499975.5981,pg_catalog,pg_database,1446,5621,56615,56603,6,0,5,0,4,0,5,58070,96,66422,,,,
1430499975.5981,pg_catalog,pg_conversion,4,528,0,0,0,0,0,0,132,0,6,9,0,0,,,,
1430499975.5981,pg_catalog,pg_type,3,1099,3549,3190,173,0,151,0,361,0,30,3595,20,7787,,,,
1430499975.5981,public,item,4,400000,1691422,1689853,100000,0,0,0,100000,0,3845,1697655,276,3390552,,,,
1430499975.5981,pg_catalog,pg_trigger,4,0,0,0,0,0,0,0,0,0,0,0,0,0,0,0,0,0
1430499975.5981,public,orders,6,720000,301870,341614,281045,143790,0,105696,279606,44650,4810,753646,3097,2109549,,,,
1430499975.5981,information_schema,sql_implementation_info,1,12,,,0,0,0,0,12,0,2,0,,,0,0,0,0
1430499975.5981,information_schema,sql_languages,1,4,,,0,0,0,0,4,0,2,0,,,0,0,0,0
1430499975.5981,pg_toast,pg_toast_12309,0,0,0,0,0,0,0,0,0,0,0,0,0,0,,,,
1430499975.5981,pg_toast,pg_toast_12334,0,0,0,0,0,0,0,0,0,0,0,0,0,0,,,,
1430499975.5981,pg_catalog,pg_amop,4,1744,1273,1643,0,0,0,0,436,0,12,1651,23,2717,,,,
1430499975.5981,pg_toast,pg_toast_1255,0,0,0,0,0,0,0,0,0,0,0,0,0,0,,,,
1430499975.5981,pg_toast,pg_toast_12314,0,0,0,0,0,0,0,0,0,0,0,0,0,0,,,,
1430499975.5981,pg_toast,pg_toast_12324,0,0,0,0,0,0,0,0,0,0,0,0,0,0,,,,
1430499975.5981,pg_catalog,pg_amproc,13,1052,744,1088,0,0,0,0,344,0,9,749,9,1631,,,,
1430499975.5981,pg_toast,pg_toast_2964,0,0,0,0,0,0,0,0,0,0,0,0,0,0,,,,
1430499975.5981,pg_catalog,pg_ts_template,3,15,0,0,0,0,0,0,5,0,2,2,0,0,,,,
1430499975.5981,pg_catalog,pg_db_role_setting,15,0,19816,0,0,0,0,0,0,0,0,0,24,19792,0,0,0,0
1430499975.5981,pg_toast,pg_toast_2609,0,0,0,0,0,0,0,0,0,0,0,0,0,0,,,,
1430499975.5981,information_schema,sql_parts,1,9,,,0,0,0,0,9,0,2,0,,,0,0,0,0
1430499975.5981,public,customer,6,720000,729164,1799595,120000,298163,0,259402,120053,25662,79475,2437471,1966,2438781,,,,
1430499975.5981,pg_catalog,pg_class,161,25292,13437,12208,122,324,101,67,316,0,35,14808,33,20887,,,,
1430499975.5981,pg_catalog,pg_seclabel,2,0,252,0,0,0,0,0,0,0,0,0,2,250,0,0,0,0
1430499975.5981,pg_catalog,pg_ts_config_map,2,608,0,0,0,0,0,0,304,0,4,2,0,0,,,,
1430499975.5981,information_schema,sql_sizing,1,23,,,0,0,0,0,23,0,2,0,,,0,0,0,0
1430499975.5981,pg_toast,pg_toast_12339,0,0,0,0,0,0,0,0,0,0,0,0,0,0,,,,
1430499975.5981,information_schema,sql_packages,1,10,,,0,0,0,0,10,0,2,0,,,0,0,0,0
1430499975.5981,public,warehouse,66068,199840,419835,419835,4,154373,0,151029,4,1125,191,6418151,2,423384,,,,
1430499975.5981,pg_toast,pg_toast_2606,0,0,0,0,0,0,0,0,0,0,0,0,0,0,,,,
1430499975.5981,pg_catalog,pg_pltemplate,10,80,0,0,0,0,0,0,8,0,10,5,0,0,,,,
1430499975.5981,pg_catalog,pg_auth_members,15,0,0,0,0,0,0,0,0,0,0,0,0,0,,,,
1430499975.5981,pg_catalog,pg_depend,3,20120,2731,2507,348,0,256,0,6672,256,103,3172,39,6884,,,,
1430499975.5981,pg_toast,pg_toast_2604,0,0,0,0,0,0,0,0,0,0,0,0,0,0,,,,
1430499975.5981,pg_catalog,pg_shseclabel,10,0,5,0,0,0,0,0,0,0,0,0,5,0,,,,
1430499975.5981,information_schema,sql_features,1,672,,,0,0,0,0,672,0,14,0,,,0,0,0,0
1430499975.5981,pg_toast,pg_toast_12319,0,0,0,0,0,0,0,0,0,0,0,0,0,0,,,,
1430499975.5981,pg_catalog,pg_description,2,7372,252,0,0,0,0,0,3686,0,64,32,6,501,0,0,0,0
1430499975.5981,pg_catalog,pg_namespace,13,78,863,729,0,0,0,0,6,0,3,740,12,1014,,,,
1430499975.5981,information_schema,sql_sizing_profiles,1,0,,,0,0,0,0,0,0,0,0,,,0,0,0,0
1430499975.5981,pg_catalog,pg_foreign_server,3,0,0,0,0,0,0,0,0,0,0,0,0,0,,,,
1430500035.59979,pg_catalog,pg_operator,3,2295,1630,10220,0,0,0,0,765,0,42,7147,20,3472,,,,
1430500035.59979,pg_catalog,pg_extension,3,3,0,0,0,0,0,0,1,0,2,2,0,0,,,,
1430500035.59979,pg_catalog,pg_authid,320,320,7833,7833,0,0,0,0,1,0,24,8134,86,15580,,,,
1430500035.59979,pg_catalog,pg_statistic,2,798,17636,17427,92,839,0,375,491,114,93,19684,13,36531,73,6946,4,4558
1430500035.59979,pg_catalog,pg_opfamily,3,258,0,0,0,0,0,0,86,0,4,4,0,0,,,,
1430500035.59979,pg_catalog,pg_shdescription,14,39,5,0,0,0,0,0,3,0,11,8,11,0,0,0,0,0
1430500035.59979,pg_catalog,pg_event_trigger,3,0,27,0,0,0,0,0,0,0,0,0,2,25,,,,
1430500035.59979,pg_catalog,pg_user_mapping,3,0,0,0,0,0,0,0,0,0,0,0,0,0,,,,
1430500035.59979,public,new_order,4,144000,363740,348001,238576,0,165190,0,71475,18921,1181,2579207,1078,2300652,,,,
1430500035.59979,pg_catalog,pg_inherits,3,0,84,0,0,0,0,0,0,0,0,0,2,82,,,,
1430500035.59979,pg_toast,pg_toast_3596,0,0,0,0,0,0,0,0,0,0,0,0,0,0,,,,
1430500035.59979,pg_catalog,pg_rewrite,3,327,37,37,0,0,0,0,109,0,27,54,2,62,51,68,8,202
1430500035.59979,public,stock,4,1600000,5309161,4297279,400000,2124323,0,0,399426,76118,125511,7613202,3096,22383007,,,,
1430500035.59979,pg_catalog,pg_foreign_data_wrapper,3,0,0,0,0,0,0,0,0,0,0,0,0,0,,,,
1430500035.59979,pg_catalog,pg_largeobject_metadata,2,0,0,0,0,0,0,0,0,0,0,0,0,0,,,,
1430500035.59979,pg_catalog,pg_opclass,13,394,1100,14795,0,0,0,0,128,0,9,5469,12,1324,,,,
1430500035.59979,pg_catalog,pg_attrdef,3,0,0,0,0,0,0,0,0,0,0,0,0,0,0,0,0,0
1430500035.59979,pg_catalog,pg_default_acl,3,0,59,0,0,0,0,0,0,0,0,0,2,57,,,,
1430500035.59979,pg_catalog,pg_aggregate,2,266,87,87,0,0,0,0,133,0,5,88,2,132,,,,
1430500035.59979,pg_toast,pg_toast_12329,0,0,0,0,0,0,0,0,0,0,0,0,0,0,,,,
1430500035.59979,public,district,91098,3417720,773613,773613,40,397250,0,394070,40,618,324,13373227,5,1561592,,,,
1430500035.59979,pg_catalog,pg_ts_dict,3,48,0,0,0,0,0,0,16,0,2,2,0,0,,,,
1430500035.59979,pg_catalog,pg_index,66,3612,4444,5305,27,0,17,0,123,17,13,4641,12,4776,,,,
1430500035.59979,public,history,1,120000,,,314674,0,0,0,314307,0,9959,209636,,,,,,
1430500035.59979,pg_catalog,pg_tablespace,33,66,3023,3023,0,0,0,0,2,0,24,3037,52,6020,,,,
1430500035.59979,pg_toast,pg_toast_2619,0,0,4089,13003,333,0,272,0,68,114,73,6946,4,4558,,,,
1430500035.59979,pg_catalog,pg_constraint,5,50,8,0,8,0,0,0,10,0,6,33,8,64,0,0,0,0
1430500035.59979,pg_toast,pg_toast_2618,0,0,87,273,0,0,0,0,0,0,51,68,4,101,,,,
1430500035.59979,pg_catalog,pg_cast,3,594,8129,1768,0,0,0,0,198,0,6,1770,6,8224,,,,
1430500035.59979,pg_catalog,pg_ts_config,3,48,0,0,0,0,0,0,16,0,2,2,0,0,,,,
1430500035.59979,pg_catalog,pg_ts_parser,3,3,0,0,0,0,0,0,1,0,2,2,0,0,,,,
1430500035.59979,pg_toast,pg_toast_2620,0,0,0,0,0,0,0,0,0,0,0,0,0,0,,,,
1430500035.59979,pg_toast,pg_toast_2396,0,0,0,0,0,0,0,0,0,0,0,0,0,0,,,,
1430500035.59979,pg_catalog,pg_largeobject,2,0,0,0,0,0,0,0,0,0,0,0,0,0,,,,
1430500035.59979,pg_catalog,pg_enum,4,0,0,0,0,0,0,0,0,0,0,0,0,0,,,,
1430500035.59979,pg_catalog,pg_foreign_table,2,0,0,0,0,0,0,0,0,0,0,0,0,0,,,,
1430500035.59979,pg_catalog,pg_collation,3,1806,0,0,0,0,0,0,602,0,38,38,0,0,,,,
1430500035.59979,pg_catalog,pg_am,171,183,0,0,0,0,0,0,5,0,3,169,0,0,,,,
1430500035.59979,pg_catalog,pg_proc,3,8073,2339,3110,6,0,0,0,2691,0,168,2819,33,4933,0,0,0,0
1430500035.59979,pg_catalog,pg_shdepend,15,15,1702,426,0,0,0,0,1,0,11,435,44,1770,,,,
1430500035.59979,public,order_line,4,4552236,399823,4980791,3262382,1869752,0,1055454,3172655,112710,148076,8399198,22778,10119318,,,,
1430500035.59979,pg_catalog,pg_language,4,16,10,10,0,0,0,0,4,0,2,13,4,18,,,,
1430500035.59979,pg_catalog,pg_range,2,12,2,0,0,0,0,0,6,0,2,1,2,2,,,,
1430500035.59979,pg_catalog,pg_attribute,59,8141,11927,51955,1401,20,1219,1,2491,0,150,19312,48,29771,,,,
1430500035.59979,pg_catalog,pg_database,1448,5629,56676,56664,6,0,5,0,4,0,5,58133,96,66495,,,,
1430500035.59979,pg_catalog,pg_conversion,4,528,0,0,0,0,0,0,132,0,6,9,0,0,,,,
1430500035.59979,pg_catalog,pg_type,3,1099,3612,3253,173,0,151,0,361,0,30,3658,20,7917,,,,
1430500035.59979,public,item,4,400000,2126281,2124323,100000,0,0,0,100000,0,3845,2132125,276,4262367,,,,
1430500035.59979,pg_catalog,pg_trigger,4,0,0,0,0,0,0,0,0,0,0,0,0,0,0,0,0,0
1430500035.59979,public,orders,6,720000,381807,444460,322576,181870,0,133953,320730,55895,5222,964436,3589,2659820,,,,
1430500035.59979,information_schema,sql_implementation_info,1,12,,,0,0,0,0,12,0,2,0,,,0,0,0,0
1430500035.59979,information_schema,sql_languages,1,4,,,0,0,0,0,4,0,2,0,,,0,0,0,0
1430500035.59979,pg_toast,pg_toast_12309,0,0,0,0,0,0,0,0,0,0,0,0,0,0,,,,
1430500035.59979,pg_toast,pg_toast_12334,0,0,0,0,0,0,0,0,0,0,0,0,0,0,,,,
1430500035.59979,pg_catalog,pg_amop,4,1744,1314,1689,0,0,0,0,436,0,12,1697,23,2805,,,,
1430500035.59979,pg_toast,pg_toast_1255,0,0,0,0,0,0,0,0,0,0,0,0,0,0,,,,
1430500035.59979,pg_toast,pg_toast_12314,0,0,0,0,0,0,0,0,0,0,0,0,0,0,,,,
1430500035.59979,pg_toast,pg_toast_12324,0,0,0,0,0,0,0,0,0,0,0,0,0,0,,,,
1430500035.59979,pg_catalog,pg_amproc,13,1052,765,1114,0,0,0,0,344,0,9,767,9,1677,,,,
1430500035.59979,pg_toast,pg_toast_2964,0,0,0,0,0,0,0,0,0,0,0,0,0,0,,,,
1430500035.59979,pg_catalog,pg_ts_template,3,15,0,0,0,0,0,0,5,0,2,2,0,0,,,,
1430500035.59979,pg_catalog,pg_db_role_setting,15,0,19840,0,0,0,0,0,0,0,0,0,24,19816,0,0,0,0
1430500035.59979,pg_toast,pg_toast_2609,0,0,0,0,0,0,0,0,0,0,0,0,0,0,,,,
1430500035.59979,information_schema,sql_parts,1,9,,,0,0,0,0,9,0,2,0,,,0,0,0,0
1430500035.59979,public,customer,6,720000,919661,2227672,120000,376544,0,334084,119967,10177,79507,3038646,1966,3038820,,,,
1430500035.59979,pg_catalog,pg_class,170,27837,15787,14435,122,324,101,67,316,0,35,17131,33,23774,,,,
1430500035.59979,pg_catalog,pg_seclabel,2,0,252,0,0,0,0,0,0,0,0,0,2,250,0,0,0,0
1430500035.59979,pg_catalog,pg_ts_config_map,2,608,0,0,0,0,0,0,304,0,4,2,0,0,,,,
1430500035.59979,information_schema,sql_sizing,1,23,,,0,0,0,0,23,0,2,0,,,0,0,0,0
1430500035.59979,pg_toast,pg_toast_12339,0,0,0,0,0,0,0,0,0,0,0,0,0,0,,,,
1430500035.59979,information_schema,sql_packages,1,10,,,0,0,0,0,10,0,2,0,,,0,0,0,0
1430500035.59979,public,warehouse,66068,199840,541968,541968,4,194674,0,190444,3,737,191,7554276,2,546444,,,,
1430500035.59979,pg_toast,pg_toast_2606,0,0,0,0,0,0,0,0,0,0,0,0,0,0,,,,
1430500035.59979,pg_catalog,pg_pltemplate,10,80,0,0,0,0,0,0,8,0,10,5,0,0,,,,
1430500035.59979,pg_catalog,pg_auth_members,15,0,0,0,0,0,0,0,0,0,0,0,0,0,,,,
1430500035.59979,pg_catalog,pg_depend,3,20120,2731,2507,348,0,256,0,6672,256,103,3172,39,6884,,,,
1430500035.59979,pg_toast,pg_toast_2604,0,0,0,0,0,0,0,0,0,0,0,0,0,0,,,,
1430500035.59979,pg_catalog,pg_shseclabel,10,0,5,0,0,0,0,0,0,0,0,0,5,0,,,,
1430500035.59979,information_schema,sql_features,1,672,,,0,0,0,0,672,0,14,0,,,0,0,0,0
1430500035.59979,pg_toast,pg_toast_12319,0,0,0,0,0,0,0,0,0,0,0,0,0,0,,,,
1430500035.59979,pg_catalog,pg_description,2,7372,252,0,0,0,0,0,3686,0,64,32,6,501,0,0,0,0
1430500035.59979,pg_catalog,pg_namespace,15,90,996,859,0,0,0,0,6,0,3,872,12,1153,,,,
1430500035.59979,information_schema,sql_sizing_profiles,1,0,,,0,0,0,0,0,0,0,0,,,0,0,0,0
1430500035.59979,pg_catalog,pg_foreign_server,3,0,0,0,0,0,0,0,0,0,0,0,0,0,,,,
1430500095.60706,pg_catalog,pg_operator,3,2295,1653,10243,0,0,0,0,765,0,42,7170,20,3527,,,,
1430500095.60706,pg_catalog,pg_extension,3,3,0,0,0,0,0,0,1,0,2,2,0,0,,,,
1430500095.60706,pg_catalog,pg_authid,321,321,7845,7845,0,0,0,0,1,0,24,8147,86,15604,,,,
1430500095.60706,pg_catalog,pg_statistic,2,798,20908,20693,92,926,0,448,491,126,93,23096,13,43109,84,8294,4,5350
1430500095.60706,pg_catalog,pg_opfamily,3,258,0,0,0,0,0,0,86,0,4,4,0,0,,,,
1430500095.60706,pg_catalog,pg_shdescription,14,39,5,0,0,0,0,0,3,0,11,8,11,0,0,0,0,0
1430500095.60706,pg_catalog,pg_event_trigger,3,0,27,0,0,0,0,0,0,0,0,0,2,25,,,,
1430500095.60706,pg_catalog,pg_user_mapping,3,0,0,0,0,0,0,0,0,0,0,0,0,0,,,,
1430500095.60706,public,new_order,4,144000,440080,420809,280926,0,199710,0,78855,21631,1181,3202485,1102,2814071,,,,
1430500095.60706,pg_catalog,pg_inherits,3,0,84,0,0,0,0,0,0,0,0,0,2,82,,,,
1430500095.60706,pg_toast,pg_toast_3596,0,0,0,0,0,0,0,0,0,0,0,0,0,0,,,,
1430500095.60706,pg_catalog,pg_rewrite,3,327,44,44,0,0,0,0,109,0,27,61,2,74,51,75,8,218
1430500095.60706,public,stock,4,1600000,6408432,5194230,400000,2567843,0,0,399102,202122,125708,9185034,3096,27029500,,,,
1430500095.60706,pg_catalog,pg_foreign_data_wrapper,3,0,0,0,0,0,0,0,0,0,0,0,0,0,,,,
1430500095.60706,pg_catalog,pg_largeobject_metadata,2,0,0,0,0,0,0,0,0,0,0,0,0,0,,,,
1430500095.60706,pg_catalog,pg_opclass,13,394,1135,15255,0,0,0,0,128,0,9,5628,12,1372,,,,
1430500095.60706,pg_catalog,pg_attrdef,3,0,0,0,0,0,0,0,0,0,0,0,0,0,0,0,0,0
1430500095.60706,pg_catalog,pg_default_acl,3,0,59,0,0,0,0,0,0,0,0,0,2,57,,,,
1430500095.60706,pg_catalog,pg_aggregate,2,266,88,88,0,0,0,0,133,0,5,89,2,134,,,,
1430500095.60706,pg_toast,pg_toast_12329,0,0,0,0,0,0,0,0,0,0,0,0,0,0,,,,
1430500095.60706,public,district,91098,3417720,952137,952137,40,480061,0,476291,40,401,324,14008016,5,1928481,,,,
1430500095.60706,pg_catalog,pg_ts_dict,3,48,0,0,0,0,0,0,16,0,2,2,0,0,,,,
1430500095.60706,pg_catalog,pg_index,71,4227,4916,5871,27,0,17,0,123,17,13,5127,12,5263,,,,
1430500095.60706,public,history,1,120000,,,355135,0,0,0,355009,0,11679,253563,,,,,,
1430500095.60706,pg_catalog,pg_tablespace,33,66,3028,3028,0,0,0,0,2,0,24,3042,52,6030,,,,
1430500095.60706,pg_toast,pg_toast_2619,0,0,4823,15275,389,0,328,0,70,56,84,8294,4,5350,,,,
1430500095.60706,pg_catalog,pg_constraint,5,50,8,0,8,0,0,0,10,0,6,33,8,64,0,0,0,0
1430500095.60706,pg_toast,pg_toast_2618,0,0,92,289,0,0,0,0,0,0,51,75,4,109,,,,
1430500095.60706,pg_catalog,pg_cast,3,594,8312,1816,0,0,0,0,198,0,6,1818,6,8413,,,,
1430500095.60706,pg_catalog,pg_ts_config,3,48,0,0,0,0,0,0,16,0,2,2,0,0,,,,
1430500095.60706,pg_catalog,pg_ts_parser,3,3,0,0,0,0,0,0,1,0,2,2,0,0,,,,
1430500095.60706,pg_toast,pg_toast_2620,0,0,0,0,0,0,0,0,0,0,0,0,0,0,,,,
1430500095.60706,pg_toast,pg_toast_2396,0,0,0,0,0,0,0,0,0,0,0,0,0,0,,,,
1430500095.60706,pg_catalog,pg_largeobject,2,0,0,0,0,0,0,0,0,0,0,0,0,0,,,,
1430500095.60706,pg_catalog,pg_enum,4,0,0,0,0,0,0,0,0,0,0,0,0,0,,,,
1430500095.60706,pg_catalog,pg_foreign_table,2,0,0,0,0,0,0,0,0,0,0,0,0,0,,,,
1430500095.60706,pg_catalog,pg_collation,3,1806,0,0,0,0,0,0,602,0,38,38,0,0,,,,
1430500095.60706,pg_catalog,pg_am,180,192,0,0,0,0,0,0,5,0,3,178,0,0,,,,
1430500095.60706,pg_catalog,pg_proc,3,8073,2417,3223,6,0,0,0,2691,0,168,2912,33,5099,0,0,0,0
1430500095.60706,pg_catalog,pg_shdepend,15,15,1702,426,0,0,0,0,1,0,11,435,44,1770,,,,
1430500095.60706,public,order_line,4,4552236,483740,6034181,3705902,2271262,0,1312672,3533498,316835,156337,10050446,26135,12149903,,,,
1430500095.60706,pg_catalog,pg_language,4,16,10,10,0,0,0,0,4,0,2,13,4,18,,,,
1430500095.60706,pg_catalog,pg_range,2,12,2,0,0,0,0,0,6,0,2,1,2,2,,,,
1430500095.60706,pg_catalog,pg_attribute,59,8141,13052,58425,1401,20,1219,1,2491,0,150,21009,48,32032,,,,
1430500095.60706,pg_catalog,pg_database,1452,5645,56746,56734,6,0,5,0,4,0,5,58207,96,66581,,,,
1430500095.60706,pg_catalog,pg_conversion,4,528,0,0,0,0,0,0,132,0,6,9,0,0,,,,
1430500095.60706,pg_catalog,pg_type,3,1099,3711,3352,173,0,151,0,361,0,30,3757,20,8121,,,,
1430500095.60706,public,item,4,400000,2570205,2567844,100000,0,0,0,100000,0,3845,2575646,276,5152245,,,,
1430500095.60706,pg_catalog,pg_trigger,4,0,0,0,0,0,0,0,0,0,0,0,0,0,0,0,0,0
1430500095.60706,public,orders,6,720000,461916,553268,364926,220040,0,163874,362700,65737,5631,1179841,4123,3206253,,,,
1430500095.60706,information_schema,sql_implementation_info,1,12,,,0,0,0,0,12,0,2,0,,,0,0,0,0
1430500095.60706,information_schema,sql_languages,1,4,,,0,0,0,0,4,0,2,0,,,0,0,0,0
1430500095.60706,pg_toast,pg_toast_12309,0,0,0,0,0,0,0,0,0,0,0,0,0,0,,,,
1430500095.60706,pg_toast,pg_toast_12334,0,0,0,0,0,0,0,0,0,0,0,0,0,0,,,,
1430500095.60706,pg_catalog,pg_amop,4,1744,1371,1755,0,0,0,0,436,0,12,1763,23,2929,,,,
1430500095.60706,pg_toast,pg_toast_1255,0,0,0,0,0,0,0,0,0,0,0,0,0,0,,,,
1430500095.60706,pg_toast,pg_toast_12314,0,0,0,0,0,0,0,0,0,0,0,0,0,0,,,,
1430500095.60706,pg_toast,pg_toast_12324,0,0,0,0,0,0,0,0,0,0,0,0,0,0,,,,
1430500095.60706,pg_catalog,pg_amproc,13,1052,796,1156,0,0,0,0,344,0,9,795,9,1748,,,,
1430500095.60706,pg_toast,pg_toast_2964,0,0,0,0,0,0,0,0,0,0,0,0,0,0,,,,
1430500095.60706,pg_catalog,pg_ts_template,3,15,0,0,0,0,0,0,5,0,2,2,0,0,,,,
1430500095.60706,pg_catalog,pg_db_role_setting,15,0,19872,0,0,0,0,0,0,0,0,0,24,19848,0,0,0,0
1430500095.60706,pg_toast,pg_toast_2609,0,0,0,0,0,0,0,0,0,0,0,0,0,0,,,,
1430500095.60706,information_schema,sql_parts,1,9,,,0,0,0,0,9,0,2,0,,,0,0,0,0
1430500095.60706,public,customer,6,720000,1111310,2701736,120000,455175,0,407679,119992,15334,79507,3656550,1968,3648432,,,,
1430500095.60706,pg_catalog,pg_class,180,30698,17844,16369,122,324,101,67,316,0,35,19168,33,26301,,,,
1430500095.60706,pg_catalog,pg_seclabel,2,0,252,0,0,0,0,0,0,0,0,0,2,250,0,0,0,0
1430500095.60706,pg_catalog,pg_ts_config_map,2,608,0,0,0,0,0,0,304,0,4,2,0,0,,,,
1430500095.60706,information_schema,sql_sizing,1,23,,,0,0,0,0,23,0,2,0,,,0,0,0,0
1430500095.60706,pg_toast,pg_toast_12339,0,0,0,0,0,0,0,0,0,0,0,0,0,0,,,,
1430500095.60706,information_schema,sql_packages,1,10,,,0,0,0,0,10,0,2,0,,,0,0,0,0
1430500095.60706,public,warehouse,66068,199840,665240,665240,4,235135,0,230008,4,1155,191,8679755,2,670654,,,,
1430500095.60706,pg_toast,pg_toast_2606,0,0,0,0,0,0,0,0,0,0,0,0,0,0,,,,
1430500095.60706,pg_catalog,pg_pltemplate,10,80,0,0,0,0,0,0,8,0,10,5,0,0,,,,
1430500095.60706,pg_catalog,pg_auth_members,15,0,0,0,0,0,0,0,0,0,0,0,0,0,,,,
1430500095.60706,pg_catalog,pg_depend,3,20120,2731,2507,348,0,256,0,6672,256,103,3172,39,6884,,,,
1430500095.60706,pg_toast,pg_toast_2604,0,0,0,0,0,0,0,0,0,0,0,0,0,0,,,,
1430500095.60706,pg_catalog,pg_shseclabel,10,0,5,0,0,0,0,0,0,0,0,0,5,0,,,,
1430500095.60706,information_schema,sql_features,1,672,,,0,0,0,0,672,0,14,0,,,0,0,0,0
1430500095.60706,pg_toast,pg_toast_12319,0,0,0,0,0,0,0,0,0,0,0,0,0,0,,,,
1430500095.60706,pg_catalog,pg_description,2,7372,252,0,0,0,0,0,3686,0,64,32,6,501,0,0,0,0
1430500095.60706,pg_catalog,pg_namespace,17,102,1136,994,0,0,0,0,6,0,3,1009,12,1301,,,,
1430500095.60706,information_schema,sql_sizing_profiles,1,0,,,0,0,0,0,0,0,0,0,,,0,0,0,0
1430500095.60706,pg_catalog,pg_foreign_server,3,0,0,0,0,0,0,0,0,0,0,0,0,0,,,,
1430500155.62448,pg_catalog,pg_operator,3,2295,1676,10266,0,0,0,0,765,0,42,7193,20,3582,,,,
1430500155.62448,pg_catalog,pg_extension,3,3,0,0,0,0,0,0,1,0,2,2,0,0,,,,
1430500155.62448,pg_catalog,pg_authid,322,322,7856,7856,0,0,0,0,1,0,24,8159,86,15626,,,,
1430500155.62448,pg_catalog,pg_statistic,2,798,23811,23590,92,1004,0,516,491,154,93,26118,13,48941,84,9476,4,6141
1430500155.62448,pg_catalog,pg_opfamily,3,258,0,0,0,0,0,0,86,0,4,4,0,0,,,,
1430500155.62448,pg_catalog,pg_shdescription,14,39,5,0,0,0,0,0,3,0,11,8,11,0,0,0,0,0
1430500155.62448,pg_catalog,pg_event_trigger,3,0,27,0,0,0,0,0,0,0,0,0,2,25,,,,
1430500155.62448,pg_catalog,pg_user_mapping,3,0,0,0,0,0,0,0,0,0,0,0,0,0,,,,
1430500155.62448,public,new_order,4,144000,515700,493019,323321,0,233970,0,86615,21612,1181,3751302,1137,3330899,,,,
1430500155.62448,pg_catalog,pg_inherits,3,0,84,0,0,0,0,0,0,0,0,0,2,82,,,,
1430500155.62448,pg_toast,pg_toast_3596,0,0,0,0,0,0,0,0,0,0,0,0,0,0,,,,
1430500155.62448,pg_catalog,pg_rewrite,3,327,51,51,0,0,0,0,109,0,27,68,2,86,51,82,8,234
1430500155.62448,public,stock,4,1600000,7504024,6095103,400000,3013761,0,0,399289,179626,125795,10735412,3099,31672418,,,,
1430500155.62448,pg_catalog,pg_foreign_data_wrapper,3,0,0,0,0,0,0,0,0,0,0,0,0,0,,,,
1430500155.62448,pg_catalog,pg_largeobject_metadata,2,0,0,0,0,0,0,0,0,0,0,0,0,0,,,,
1430500155.62448,pg_catalog,pg_opclass,13,394,1165,15710,0,0,0,0,128,0,9,5782,12,1410,,,,
1430500155.62448,pg_catalog,pg_attrdef,3,0,0,0,0,0,0,0,0,0,0,0,0,0,0,0,0,0
1430500155.62448,pg_catalog,pg_default_acl,3,0,59,0,0,0,0,0,0,0,0,0,2,57,,,,
1430500155.62448,pg_catalog,pg_aggregate,2,266,89,89,0,0,0,0,133,0,5,90,2,136,,,,
1430500155.62448,pg_toast,pg_toast_12329,0,0,0,0,0,0,0,0,0,0,0,0,0,0,,,,
1430500155.62448,public,district,91098,3417720,1129509,1129509,40,562798,0,558491,40,238,324,14588307,5,2292947,,,,
1430500155.62448,pg_catalog,pg_ts_dict,3,48,0,0,0,0,0,0,16,0,2,2,0,0,,,,
1430500155.62448,pg_catalog,pg_index,76,4842,5465,6555,27,0,17,0,123,17,13,5690,12,5822,,,,
1430500155.62448,public,history,1,120000,,,395477,0,0,0,395177,0,13417,297871,,,,,,
1430500155.62448,pg_catalog,pg_tablespace,33,66,3033,3033,0,0,0,0,2,0,24,3047,52,6040,,,,
1430500155.62448,pg_toast,pg_toast_2619,0,0,5557,17547,445,0,384,0,70,112,84,9476,4,6141,,,,
1430500155.62448,pg_catalog,pg_constraint,5,50,8,0,8,0,0,0,10,0,6,33,8,64,0,0,0,0
1430500155.62448,pg_toast,pg_toast_2618,0,0,97,305,0,0,0,0,0,0,51,82,4,117,,,,
1430500155.62448,pg_catalog,pg_cast,3,594,8495,1864,0,0,0,0,198,0,6,1866,6,8602,,,,
1430500155.62448,pg_catalog,pg_ts_config,3,48,0,0,0,0,0,0,16,0,2,2,0,0,,,,
1430500155.62448,pg_catalog,pg_ts_parser,3,3,0,0,0,0,0,0,1,0,2,2,0,0,,,,
1430500155.62448,pg_toast,pg_toast_2620,0,0,0,0,0,0,0,0,0,0,0,0,0,0,,,,
1430500155.62448,pg_toast,pg_toast_2396,0,0,0,0,0,0,0,0,0,0,0,0,0,0,,,,
1430500155.62448,pg_catalog,pg_largeobject,2,0,0,0,0,0,0,0,0,0,0,0,0,0,,,,
1430500155.62448,pg_catalog,pg_enum,4,0,0,0,0,0,0,0,0,0,0,0,0,0,,,,
1430500155.62448,pg_catalog,pg_foreign_table,2,0,0,0,0,0,0,0,0,0,0,0,0,0,,,,
1430500155.62448,pg_catalog,pg_collation,3,1806,0,0,0,0,0,0,602,0,38,38,0,0,,,,
1430500155.62448,pg_catalog,pg_am,184,196,0,0,0,0,0,0,5,0,3,182,0,0,,,,
1430500155.62448,pg_catalog,pg_proc,3,8073,2495,3336,6,0,0,0,2691,0,168,3005,33,5265,0,0,0,0
1430500155.62448,pg_catalog,pg_shdepend,15,15,1702,426,0,0,0,0,1,0,11,435,44,1770,,,,
1430500155.62448,public,order_line,4,4552236,566866,7067231,4151820,2667007,0,1548084,4060140,546826,166240,11740572,29448,14233393,,,,
1430500155.62448,pg_catalog,pg_language,4,16,10,10,0,0,0,0,4,0,2,13,4,18,,,,
1430500155.62448,pg_catalog,pg_range,2,12,2,0,0,0,0,0,6,0,2,1,2,2,,,,
1430500155.62448,pg_catalog,pg_attribute,59,8141,14242,65328,1401,20,1219,1,2491,0,150,22822,48,34418,,,,
1430500155.62448,pg_catalog,pg_database,1455,5657,56814,56802,6,0,5,0,4,0,5,58278,96,66663,,,,
1430500155.62448,pg_catalog,pg_conversion,4,528,0,0,0,0,0,0,132,0,6,9,0,0,,,,
1430500155.62448,pg_catalog,pg_type,3,1099,3810,3451,173,0,151,0,361,0,30,3856,20,8325,,,,
1430500155.62448,public,item,4,400000,3016543,3013762,100000,0,0,0,100000,0,3845,3021564,276,6047075,,,,
1430500155.62448,pg_catalog,pg_trigger,4,0,0,0,0,0,0,0,0,0,0,0,0,0,0,0,0,0
1430500155.62448,public,orders,6,720000,541262,664352,407321,257850,0,194202,404357,6518,5821,1408033,4787,3750184,,,,
1430500155.62448,information_schema,sql_implementation_info,1,12,,,0,0,0,0,12,0,2,0,,,0,0,0,0
1430500155.62448,information_schema,sql_languages,1,4,,,0,0,0,0,4,0,2,0,,,0,0,0,0
1430500155.62448,pg_toast,pg_toast_12309,0,0,0,0,0,0,0,0,0,0,0,0,0,0,,,,
1430500155.62448,pg_toast,pg_toast_12334,0,0,0,0,0,0,0,0,0,0,0,0,0,0,,,,
1430500155.62448,pg_catalog,pg_amop,4,1744,1428,1821,0,0,0,0,436,0,12,1829,23,3053,,,,
1430500155.62448,pg_toast,pg_toast_1255,0,0,0,0,0,0,0,0,0,0,0,0,0,0,,,,
1430500155.62448,pg_toast,pg_toast_12314,0,0,0,0,0,0,0,0,0,0,0,0,0,0,,,,
1430500155.62448,pg_toast,pg_toast_12324,0,0,0,0,0,0,0,0,0,0,0,0,0,0,,,,
1430500155.62448,pg_catalog,pg_amproc,13,1052,822,1188,0,0,0,0,344,0,9,818,9,1804,,,,
1430500155.62448,pg_toast,pg_toast_2964,0,0,0,0,0,0,0,0,0,0,0,0,0,0,,,,
1430500155.62448,pg_catalog,pg_ts_template,3,15,0,0,0,0,0,0,5,0,2,2,0,0,,,,
1430500155.62448,pg_catalog,pg_db_role_setting,15,0,19900,0,0,0,0,0,0,0,0,0,24,19876,0,0,0,0
1430500155.62448,pg_toast,pg_toast_2609,0,0,0,0,0,0,0,0,0,0,0,0,0,0,,,,
1430500155.62448,information_schema,sql_parts,1,9,,,0,0,0,0,9,0,2,0,,,0,0,0,0
1430500155.62448,public,customer,6,720000,1302385,3187471,120000,533327,0,481472,120002,19694,79507,4281671,1972,4252242,,,,
1430500155.62448,pg_catalog,pg_class,190,33559,20060,18462,122,324,101,67,316,0,35,21364,33,29025,,,,
1430500155.62448,pg_catalog,pg_seclabel,2,0,252,0,0,0,0,0,0,0,0,0,2,250,0,0,0,0
1430500155.62448,pg_catalog,pg_ts_config_map,2,608,0,0,0,0,0,0,304,0,4,2,0,0,,,,
1430500155.62448,information_schema,sql_sizing,1,23,,,0,0,0,0,23,0,2,0,,,0,0,0,0
1430500155.62448,pg_toast,pg_toast_12339,0,0,0,0,0,0,0,0,0,0,0,0,0,0,,,,
1430500155.62448,information_schema,sql_packages,1,10,,,0,0,0,0,10,0,2,0,,,0,0,0,0
1430500155.62448,public,warehouse,66068,199840,788319,788319,4,275477,0,269480,4,1165,191,9791932,2,794644,,,,
1430500155.62448,pg_toast,pg_toast_2606,0,0,0,0,0,0,0,0,0,0,0,0,0,0,,,,
1430500155.62448,pg_catalog,pg_pltemplate,10,80,0,0,0,0,0,0,8,0,10,5,0,0,,,,
1430500155.62448,pg_catalog,pg_auth_members,15,0,0,0,0,0,0,0,0,0,0,0,0,0,,,,
1430500155.62448,pg_catalog,pg_depend,3,20120,2731,2507,348,0,256,0,6672,256,103,3172,39,6884,,,,
1430500155.62448,pg_toast,pg_toast_2604,0,0,0,0,0,0,0,0,0,0,0,0,0,0,,,,
1430500155.62448,pg_catalog,pg_shseclabel,10,0,5,0,0,0,0,0,0,0,0,0,5,0,,,,
1430500155.62448,information_schema,sql_features,1,672,,,0,0,0,0,672,0,14,0,,,0,0,0,0
1430500155.62448,pg_toast,pg_toast_12319,0,0,0,0,0,0,0,0,0,0,0,0,0,0,,,,
1430500155.62448,pg_catalog,pg_description,2,7372,252,0,0,0,0,0,3686,0,64,32,6,501,0,0,0,0
1430500155.62448,pg_catalog,pg_namespace,19,114,1275,1128,0,0,0,0,6,0,3,1145,12,1448,,,,
1430500155.62448,information_schema,sql_sizing_profiles,1,0,,,0,0,0,0,0,0,0,0,,,0,0,0,0
1430500155.62448,pg_catalog,pg_foreign_server,3,0,0,0,0,0,0,0,0,0,0,0,0,0,,,,
1430500215.65116,pg_catalog,pg_operator,3,2295,1699,10289,0,0,0,0,765,0,42,7216,20,3637,,,,
1430500215.65116,pg_catalog,pg_extension,3,3,0,0,0,0,0,0,1,0,2,2,0,0,,,,
1430500215.65116,pg_catalog,pg_authid,323,323,7867,7867,0,0,0,0,1,0,24,8171,86,15648,,,,
1430500215.65116,pg_catalog,pg_statistic,2,798,26714,26487,92,1082,0,585,491,165,93,29129,13,54771,85,10840,4,6933
1430500215.65116,pg_catalog,pg_opfamily,3,258,0,0,0,0,0,0,86,0,4,4,0,0,,,,
1430500215.65116,pg_catalog,pg_shdescription,14,39,5,0,0,0,0,0,3,0,11,8,11,0,0,0,0,0
1430500215.65116,pg_catalog,pg_event_trigger,3,0,27,0,0,0,0,0,0,0,0,0,2,25,,,,
1430500215.65116,pg_catalog,pg_user_mapping,3,0,0,0,0,0,0,0,0,0,0,0,0,0,,,,
1430500215.65116,public,new_order,4,144000,590340,564495,365030,0,267900,0,93911,21162,1296,4274189,1210,3841846,,,,
1430500215.65116,pg_catalog,pg_inherits,3,0,84,0,0,0,0,0,0,0,0,0,2,82,,,,
1430500215.65116,pg_toast,pg_toast_3596,0,0,0,0,0,0,0,0,0,0,0,0,0,0,,,,
1430500215.65116,pg_catalog,pg_rewrite,3,327,58,58,0,0,0,0,109,0,27,75,2,98,51,89,8,250
1430500215.65116,public,stock,4,1600000,8587668,6980250,400000,3451625,0,0,399368,203246,125801,12256494,3099,36254989,,,,
1430500215.65116,pg_catalog,pg_foreign_data_wrapper,3,0,0,0,0,0,0,0,0,0,0,0,0,0,,,,
1430500215.65116,pg_catalog,pg_largeobject_metadata,2,0,0,0,0,0,0,0,0,0,0,0,0,0,,,,
1430500215.65116,pg_catalog,pg_opclass,13,394,1198,16168,0,0,0,0,128,0,9,5939,12,1454,,,,
1430500215.65116,pg_catalog,pg_attrdef,3,0,0,0,0,0,0,0,0,0,0,0,0,0,0,0,0,0
1430500215.65116,pg_catalog,pg_default_acl,3,0,59,0,0,0,0,0,0,0,0,0,2,57,,,,
1430500215.65116,pg_catalog,pg_aggregate,2,266,90,90,0,0,0,0,133,0,5,91,2,138,,,,
1430500215.65116,pg_toast,pg_toast_12329,0,0,0,0,0,0,0,0,0,0,0,0,0,0,,,,
1430500215.65116,public,district,91098,3417720,1305024,1305024,40,644459,0,639677,40,472,324,15109436,5,2653421,,,,
1430500215.65116,pg_catalog,pg_ts_dict,3,48,0,0,0,0,0,0,16,0,2,2,0,0,,,,
1430500215.65116,pg_catalog,pg_index,81,5457,5928,7112,27,0,17,0,123,17,13,6167,12,6298,,,,
1430500215.65116,public,history,1,120000,,,435429,0,0,0,435170,0,15141,342244,,,,,,
1430500215.65116,pg_catalog,pg_tablespace,33,66,3038,3038,0,0,0,0,2,0,24,3052,52,6050,,,,
1430500215.65116,pg_toast,pg_toast_2619,0,0,6291,19819,501,0,440,0,70,56,85,10840,4,6933,,,,
1430500215.65116,pg_catalog,pg_constraint,5,50,8,0,8,0,0,0,10,0,6,33,8,64,0,0,0,0
1430500215.65116,pg_toast,pg_toast_2618,0,0,102,321,0,0,0,0,0,0,51,89,4,125,,,,
1430500215.65116,pg_catalog,pg_cast,3,594,8678,1912,0,0,0,0,198,0,6,1914,6,8791,,,,
1430500215.65116,pg_catalog,pg_ts_config,3,48,0,0,0,0,0,0,16,0,2,2,0,0,,,,
1430500215.65116,pg_catalog,pg_ts_parser,3,3,0,0,0,0,0,0,1,0,2,2,0,0,,,,
1430500215.65116,pg_toast,pg_toast_2620,0,0,0,0,0,0,0,0,0,0,0,0,0,0,,,,
1430500215.65116,pg_toast,pg_toast_2396,0,0,0,0,0,0,0,0,0,0,0,0,0,0,,,,
1430500215.65116,pg_catalog,pg_largeobject,2,0,0,0,0,0,0,0,0,0,0,0,0,0,,,,
1430500215.65116,pg_catalog,pg_enum,4,0,0,0,0,0,0,0,0,0,0,0,0,0,,,,
1430500215.65116,pg_catalog,pg_foreign_table,2,0,0,0,0,0,0,0,0,0,0,0,0,0,,,,
1430500215.65116,pg_catalog,pg_collation,3,1806,0,0,0,0,0,0,602,0,38,38,0,0,,,,
1430500215.65116,pg_catalog,pg_am,191,203,0,0,0,0,0,0,5,0,3,189,0,0,,,,
1430500215.65116,pg_catalog,pg_proc,3,8073,2573,3449,6,0,0,0,2691,0,168,3098,33,5431,0,0,0,0
1430500215.65116,pg_catalog,pg_shdepend,15,15,1702,426,0,0,0,0,1,0,11,435,44,1770,,,,
1430500215.65116,public,order_line,4,4552236,649003,8096618,4589684,3058545,0,1782064,4551034,784436,175489,13409412,32694,16281240,,,,
1430500215.65116,pg_catalog,pg_language,4,16,10,10,0,0,0,0,4,0,2,13,4,18,,,,
1430500215.65116,pg_catalog,pg_range,2,12,2,0,0,0,0,0,6,0,2,1,2,2,,,,
1430500215.65116,pg_catalog,pg_attribute,59,8141,15347,71662,1401,20,1219,1,2491,0,150,24482,48,36637,,,,
1430500215.65116,pg_catalog,pg_database,1458,5669,56882,56870,6,0,5,0,4,0,5,58349,96,66745,,,,
1430500215.65116,pg_catalog,pg_conversion,4,528,0,0,0,0,0,0,132,0,6,9,0,0,,,,
1430500215.65116,pg_catalog,pg_type,3,1099,3909,3550,173,0,151,0,361,0,30,3955,20,8529,,,,
1430500215.65116,public,item,4,400000,3454814,3451626,100000,0,0,0,100000,0,3845,3459428,276,6925645,,,,
1430500215.65116,pg_catalog,pg_trigger,4,0,0,0,0,0,0,0,0,0,0,0,0,0,0,0,0,0
1430500215.65116,public,orders,6,720000,619653,783581,449030,295170,0,222790,445836,15111,6062,1634596,5268,4290415,,,,
1430500215.65116,information_schema,sql_implementation_info,1,12,,,0,0,0,0,12,0,2,0,,,0,0,0,0
1430500215.65116,information_schema,sql_languages,1,4,,,0,0,0,0,4,0,2,0,,,0,0,0,0
1430500215.65116,pg_toast,pg_toast_12309,0,0,0,0,0,0,0,0,0,0,0,0,0,0,,,,
1430500215.65116,pg_toast,pg_toast_12334,0,0,0,0,0,0,0,0,0,0,0,0,0,0,,,,
1430500215.65116,pg_catalog,pg_amop,4,1744,1485,1887,0,0,0,0,436,0,12,1895,23,3177,,,,
1430500215.65116,pg_toast,pg_toast_1255,0,0,0,0,0,0,0,0,0,0,0,0,0,0,,,,
1430500215.65116,pg_toast,pg_toast_12314,0,0,0,0,0,0,0,0,0,0,0,0,0,0,,,,
1430500215.65116,pg_toast,pg_toast_12324,0,0,0,0,0,0,0,0,0,0,0,0,0,0,,,,
1430500215.65116,pg_catalog,pg_amproc,13,1052,851,1226,0,0,0,0,344,0,9,844,9,1869,,,,
1430500215.65116,pg_toast,pg_toast_2964,0,0,0,0,0,0,0,0,0,0,0,0,0,0,,,,
1430500215.65116,pg_catalog,pg_ts_template,3,15,0,0,0,0,0,0,5,0,2,2,0,0,,,,
1430500215.65116,pg_catalog,pg_db_role_setting,15,0,19928,0,0,0,0,0,0,0,0,0,24,19904,0,0,0,0
1430500215.65116,pg_toast,pg_toast_2609,0,0,0,0,0,0,0,0,0,0,0,0,0,0,,,,
1430500215.65116,information_schema,sql_parts,1,9,,,0,0,0,0,9,0,2,0,,,0,0,0,0
1430500215.65116,public,customer,6,720000,1491261,3674178,120000,610599,0,555045,120020,23069,79507,4902257,1974,4845377,,,,
1430500215.65116,pg_catalog,pg_class,200,36420,22083,20362,122,324,101,67,316,0,35,23367,33,31504,,,,
1430500215.65116,pg_catalog,pg_seclabel,2,0,252,0,0,0,0,0,0,0,0,0,2,250,0,0,0,0
1430500215.65116,pg_catalog,pg_ts_config_map,2,608,0,0,0,0,0,0,304,0,4,2,0,0,,,,
1430500215.65116,information_schema,sql_sizing,1,23,,,0,0,0,0,23,0,2,0,,,0,0,0,0
1430500215.65116,pg_toast,pg_toast_12339,0,0,0,0,0,0,0,0,0,0,0,0,0,0,,,,
1430500215.65116,information_schema,sql_packages,1,10,,,0,0,0,0,10,0,2,0,,,0,0,0,0
1430500215.65116,public,warehouse,66068,199840,909932,909932,4,315429,0,308543,4,902,191,10867026,2,917187,,,,
1430500215.65116,pg_toast,pg_toast_2606,0,0,0,0,0,0,0,0,0,0,0,0,0,0,,,,
1430500215.65116,pg_catalog,pg_pltemplate,10,80,0,0,0,0,0,0,8,0,10,5,0,0,,,,
1430500215.65116,pg_catalog,pg_auth_members,15,0,0,0,0,0,0,0,0,0,0,0,0,0,,,,
1430500215.65116,pg_catalog,pg_depend,3,20120,2731,2507,348,0,256,0,6672,256,103,3172,39,6884,,,,
1430500215.65116,pg_toast,pg_toast_2604,0,0,0,0,0,0,0,0,0,0,0,0,0,0,,,,
1430500215.65116,pg_catalog,pg_shseclabel,10,0,5,0,0,0,0,0,0,0,0,0,5,0,,,,
1430500215.65116,information_schema,sql_features,1,672,,,0,0,0,0,672,0,14,0,,,0,0,0,0
1430500215.65116,pg_toast,pg_toast_12319,0,0,0,0,0,0,0,0,0,0,0,0,0,0,,,,
1430500215.65116,pg_catalog,pg_description,2,7372,252,0,0,0,0,0,3686,0,64,32,6,501,0,0,0,0
1430500215.65116,pg_catalog,pg_namespace,21,126,1415,1263,0,0,0,0,6,0,3,1282,12,1596,,,,
1430500215.65116,information_schema,sql_sizing_profiles,1,0,,,0,0,0,0,0,0,0,0,,,0,0,0,0
1430500215.65116,pg_catalog,pg_foreign_server,3,0,0,0,0,0,0,0,0,0,0,0,0,0,,,,
1430500275.6728,pg_catalog,pg_operator,3,2295,1722,10312,0,0,0,0,765,0,42,7239,20,3692,,,,
1430500275.6728,pg_catalog,pg_extension,3,3,0,0,0,0,0,0,1,0,2,2,0,0,,,,
1430500275.6728,pg_catalog,pg_authid,324,324,7877,7877,0,0,0,0,1,0,24,8182,86,15668,,,,
1430500275.6728,pg_catalog,pg_statistic,2,798,29609,29376,92,1152,0,651,491,184,93,32114,13,60575,85,12055,4,7719
1430500275.6728,pg_catalog,pg_opfamily,3,258,0,0,0,0,0,0,86,0,4,4,0,0,,,,
1430500275.6728,pg_catalog,pg_shdescription,14,39,5,0,0,0,0,0,3,0,11,8,11,0,0,0,0,0
1430500275.6728,pg_catalog,pg_event_trigger,3,0,27,0,0,0,0,0,0,0,0,0,2,25,,,,
1430500275.6728,pg_catalog,pg_user_mapping,3,0,0,0,0,0,0,0,0,0,0,0,0,0,,,,
1430500275.6728,public,new_order,4,144000,661400,632234,404816,0,299990,0,101243,20499,1296,4761482,1251,4323556,,,,
1430500275.6728,pg_catalog,pg_inherits,3,0,84,0,0,0,0,0,0,0,0,0,2,82,,,,
1430500275.6728,pg_toast,pg_toast_3596,0,0,0,0,0,0,0,0,0,0,0,0,0,0,,,,
1430500275.6728,pg_catalog,pg_rewrite,3,327,65,65,0,0,0,0,109,0,27,82,2,110,51,96,8,266
1430500275.6728,public,stock,4,1600000,9608343,7824921,400000,3869649,0,0,398807,195088,125801,13710032,3100,40588460,,,,
1430500275.6728,pg_catalog,pg_foreign_data_wrapper,3,0,0,0,0,0,0,0,0,0,0,0,0,0,,,,
1430500275.6728,pg_catalog,pg_largeobject_metadata,2,0,0,0,0,0,0,0,0,0,0,0,0,0,,,,
1430500275.6728,pg_catalog,pg_opclass,13,394,1228,16623,0,0,0,0,128,0,9,6093,12,1492,,,,
1430500275.6728,pg_catalog,pg_attrdef,3,0,0,0,0,0,0,0,0,0,0,0,0,0,0,0,0,0
1430500275.6728,pg_catalog,pg_default_acl,3,0,59,0,0,0,0,0,0,0,0,0,2,57,,,,
1430500275.6728,pg_catalog,pg_aggregate,2,266,91,91,0,0,0,0,133,0,5,92,2,140,,,,
1430500275.6728,pg_toast,pg_toast_12329,0,0,0,0,0,0,0,0,0,0,0,0,0,0,,,,
1430500275.6728,public,district,91098,3417720,1471492,1471492,40,722147,0,716908,40,693,324,15693981,5,2995255,,,,
1430500275.6728,pg_catalog,pg_ts_dict,3,48,0,0,0,0,0,0,16,0,2,2,0,0,,,,
1430500275.6728,pg_catalog,pg_index,86,6072,6420,7699,27,0,17,0,123,17,13,6674,12,6800,,,,
1430500275.6728,public,history,1,120000,,,473331,0,0,0,473072,0,15571,381006,,,,,,
1430500275.6728,pg_catalog,pg_tablespace,33,66,3043,3043,0,0,0,0,2,0,24,3057,52,6060,,,,
1430500275.6728,pg_toast,pg_toast_2619,0,0,7022,22087,555,0,494,0,70,110,85,12055,4,7719,,,,
1430500275.6728,pg_catalog,pg_constraint,5,50,8,0,8,0,0,0,10,0,6,33,8,64,0,0,0,0
1430500275.6728,pg_toast,pg_toast_2618,0,0,107,337,0,0,0,0,0,0,51,96,4,133,,,,
1430500275.6728,pg_catalog,pg_cast,3,594,8861,1960,0,0,0,0,198,0,6,1962,6,8980,,,,
1430500275.6728,pg_catalog,pg_ts_config,3,48,0,0,0,0,0,0,16,0,2,2,0,0,,,,
1430500275.6728,pg_catalog,pg_ts_parser,3,3,0,0,0,0,0,0,1,0,2,2,0,0,,,,
1430500275.6728,pg_toast,pg_toast_2620,0,0,0,0,0,0,0,0,0,0,0,0,0,0,,,,
1430500275.6728,pg_toast,pg_toast_2396,0,0,0,0,0,0,0,0,0,0,0,0,0,0,,,,
1430500275.6728,pg_catalog,pg_largeobject,2,0,0,0,0,0,0,0,0,0,0,0,0,0,,,,
1430500275.6728,pg_catalog,pg_enum,4,0,0,0,0,0,0,0,0,0,0,0,0,0,,,,
1430500275.6728,pg_catalog,pg_foreign_table,2,0,0,0,0,0,0,0,0,0,0,0,0,0,,,,
1430500275.6728,pg_catalog,pg_collation,3,1806,0,0,0,0,0,0,602,0,38,38,0,0,,,,
1430500275.6728,pg_catalog,pg_am,195,207,0,0,0,0,0,0,5,0,3,193,0,0,,,,
1430500275.6728,pg_catalog,pg_proc,3,8073,2651,3562,6,0,0,0,2691,0,168,3191,33,5597,0,0,0,0
1430500275.6728,pg_catalog,pg_shdepend,15,15,1702,426,0,0,0,0,1,0,11,435,44,1770,,,,
1430500275.6728,public,order_line,4,4552236,727158,9064872,5007708,3432244,0,2039918,4967346,961091,183669,14847401,35772,18131425,,,,
1430500275.6728,pg_catalog,pg_language,4,16,10,10,0,0,0,0,4,0,2,13,4,18,,,,
1430500275.6728,pg_catalog,pg_range,2,12,2,0,0,0,0,0,6,0,2,1,2,2,,,,
1430500275.6728,pg_catalog,pg_attribute,59,8141,16430,77778,1401,20,1219,1,2491,0,150,26082,48,38809,,,,
1430500275.6728,pg_catalog,pg_database,1460,5677,56945,56933,6,0,5,0,4,0,5,58414,96,66820,,,,
1430500275.6728,pg_catalog,pg_conversion,4,528,0,0,0,0,0,0,132,0,6,9,0,0,,,,
1430500275.6728,pg_catalog,pg_type,3,1099,4008,3649,173,0,151,0,361,0,30,4054,20,8733,,,,
1430500275.6728,public,item,4,400000,3873227,3869650,100000,0,0,0,100000,0,3845,3877452,276,7764459,,,,
1430500275.6728,pg_catalog,pg_trigger,4,0,0,0,0,0,0,0,0,0,0,0,0,0,0,0,0,0
1430500275.6728,public,orders,6,720000,694248,899781,488816,330700,0,250146,485391,25367,6452,1851024,5861,4804582,,,,
1430500275.6728,information_schema,sql_implementation_info,1,12,,,0,0,0,0,12,0,2,0,,,0,0,0,0
1430500275.6728,information_schema,sql_languages,1,4,,,0,0,0,0,4,0,2,0,,,0,0,0,0
1430500275.6728,pg_toast,pg_toast_12309,0,0,0,0,0,0,0,0,0,0,0,0,0,0,,,,
1430500275.6728,pg_toast,pg_toast_12334,0,0,0,0,0,0,0,0,0,0,0,0,0,0,,,,
1430500275.6728,pg_catalog,pg_amop,4,1744,1542,1953,0,0,0,0,436,0,12,1961,23,3301,,,,
1430500275.6728,pg_toast,pg_toast_1255,0,0,0,0,0,0,0,0,0,0,0,0,0,0,,,,
1430500275.6728,pg_toast,pg_toast_12314,0,0,0,0,0,0,0,0,0,0,0,0,0,0,,,,
1430500275.6728,pg_toast,pg_toast_12324,0,0,0,0,0,0,0,0,0,0,0,0,0,0,,,,
1430500275.6728,pg_catalog,pg_amproc,13,1052,877,1258,0,0,0,0,344,0,9,867,9,1925,,,,
1430500275.6728,pg_toast,pg_toast_2964,0,0,0,0,0,0,0,0,0,0,0,0,0,0,,,,
1430500275.6728,pg_catalog,pg_ts_template,3,15,0,0,0,0,0,0,5,0,2,2,0,0,,,,
1430500275.6728,pg_catalog,pg_db_role_setting,15,0,19952,0,0,0,0,0,0,0,0,0,24,19928,0,0,0,0
1430500275.6728,pg_toast,pg_toast_2609,0,0,0,0,0,0,0,0,0,0,0,0,0,0,,,,
1430500275.6728,information_schema,sql_parts,1,9,,,0,0,0,0,9,0,2,0,,,0,0,0,0
1430500275.6728,public,customer,6,720000,1670769,4128689,120000,684031,0,625940,120027,26564,79623,5478745,1977,5403272,,,,
1430500275.6728,pg_catalog,pg_class,210,39281,24019,22175,122,324,101,67,316,0,35,25281,33,33858,,,,
1430500275.6728,pg_catalog,pg_seclabel,2,0,252,0,0,0,0,0,0,0,0,0,2,250,0,0,0,0
1430500275.6728,pg_catalog,pg_ts_config_map,2,608,0,0,0,0,0,0,304,0,4,2,0,0,,,,
1430500275.6728,information_schema,sql_sizing,1,23,,,0,0,0,0,23,0,2,0,,,0,0,0,0
1430500275.6728,pg_toast,pg_toast_12339,0,0,0,0,0,0,0,0,0,0,0,0,0,0,,,,
1430500275.6728,information_schema,sql_packages,1,10,,,0,0,0,0,10,0,2,0,,,0,0,0,0
1430500275.6728,public,warehouse,66068,199840,1025522,1025522,4,353331,0,345631,4,1262,191,11879199,2,1033632,,,,
1430500275.6728,pg_toast,pg_toast_2606,0,0,0,0,0,0,0,0,0,0,0,0,0,0,,,,
1430500275.6728,pg_catalog,pg_pltemplate,10,80,0,0,0,0,0,0,8,0,10,5,0,0,,,,
1430500275.6728,pg_catalog,pg_auth_members,15,0,0,0,0,0,0,0,0,0,0,0,0,0,,,,
1430500275.6728,pg_catalog,pg_depend,3,20120,2731,2507,348,0,256,0,6672,256,103,3172,39,6884,,,,
1430500275.6728,pg_toast,pg_toast_2604,0,0,0,0,0,0,0,0,0,0,0,0,0,0,,,,
1430500275.6728,pg_catalog,pg_shseclabel,10,0,5,0,0,0,0,0,0,0,0,0,5,0,,,,
1430500275.6728,information_schema,sql_features,1,672,,,0,0,0,0,672,0,14,0,,,0,0,0,0
1430500275.6728,pg_toast,pg_toast_12319,0,0,0,0,0,0,0,0,0,0,0,0,0,0,,,,
1430500275.6728,pg_catalog,pg_description,2,7372,252,0,0,0,0,0,3686,0,64,32,6,501,0,0,0,0
1430500275.6728,pg_catalog,pg_namespace,23,138,1554,1397,0,0,0,0,6,0,3,1418,12,1743,,,,
1430500275.6728,information_schema,sql_sizing_profiles,1,0,,,0,0,0,0,0,0,0,0,,,0,0,0,0
1430500275.6728,pg_catalog,pg_foreign_server,3,0,0,0,0,0,0,0,0,0,0,0,0,0,,,,
1430500335.6701,pg_catalog,pg_operator,3,2295,1739,10329,0,0,0,0,765,0,42,7256,20,3734,,,,
1430500335.6701,pg_catalog,pg_extension,3,3,0,0,0,0,0,0,1,0,2,2,0,0,,,,
1430500335.6701,pg_catalog,pg_authid,325,325,7888,7888,0,0,0,0,1,0,24,8194,86,15690,,,,
1430500335.6701,pg_catalog,pg_statistic,2,798,30914,30675,92,1152,0,651,491,171,93,33413,13,63190,85,12455,4,7919
1430500335.6701,pg_catalog,pg_opfamily,3,258,0,0,0,0,0,0,86,0,4,4,0,0,,,,
1430500335.6701,pg_catalog,pg_shdescription,14,39,5,0,0,0,0,0,3,0,11,8,11,0,0,0,0,0
1430500335.6701,pg_catalog,pg_event_trigger,3,0,27,0,0,0,0,0,0,0,0,0,2,25,,,,
1430500335.6701,pg_catalog,pg_user_mapping,3,0,0,0,0,0,0,0,0,0,0,0,0,0,,,,
1430500335.6701,public,new_order,4,144000,732660,700248,445751,0,332220,0,109588,16565,1376,5089661,1333,4818872,,,,
1430500335.6701,pg_catalog,pg_inherits,3,0,84,0,0,0,0,0,0,0,0,0,2,82,,,,
1430500335.6701,pg_toast,pg_toast_3596,0,0,0,0,0,0,0,0,0,0,0,0,0,0,,,,
1430500335.6701,pg_catalog,pg_rewrite,3,327,72,72,0,0,0,0,109,0,27,89,2,122,51,103,8,282
1430500335.6701,public,stock,4,1600000,10663361,8691750,400000,4298805,0,0,398807,624244,125801,15041469,3107,45055418,,,,
1430500335.6701,pg_catalog,pg_foreign_data_wrapper,3,0,0,0,0,0,0,0,0,0,0,0,0,0,,,,
1430500335.6701,pg_catalog,pg_largeobject_metadata,2,0,0,0,0,0,0,0,0,0,0,0,0,0,,,,
1430500335.6701,pg_catalog,pg_opclass,13,394,1246,16808,0,0,0,0,128,0,9,6163,12,1520,,,,
1430500335.6701,pg_catalog,pg_attrdef,3,0,0,0,0,0,0,0,0,0,0,0,0,0,0,0,0,0
1430500335.6701,pg_catalog,pg_default_acl,3,0,59,0,0,0,0,0,0,0,0,0,2,57,,,,
1430500335.6701,pg_catalog,pg_aggregate,2,266,92,92,0,0,0,0,133,0,5,93,2,142,,,,
1430500335.6701,pg_toast,pg_toast_12329,0,0,0,0,0,0,0,0,0,0,0,0,0,0,,,,
1430500335.6701,public,district,91098,3417720,1644026,1644026,40,802345,0,797009,40,760,324,16135061,5,3348806,,,,
1430500335.6701,pg_catalog,pg_ts_dict,3,48,0,0,0,0,0,0,16,0,2,2,0,0,,,,
1430500335.6701,pg_catalog,pg_index,91,6687,6650,8062,27,0,17,0,123,17,13,6919,12,7042,,,,
1430500335.6701,public,history,1,120000,,,512594,0,0,0,512493,0,16035,421237,,,,,,
1430500335.6701,pg_catalog,pg_tablespace,33,66,3048,3048,0,0,0,0,2,0,24,3062,52,6070,,,,
1430500335.6701,pg_toast,pg_toast_2619,0,0,7222,23247,555,0,494,0,70,110,85,12455,4,7919,,,,
1430500335.6701,pg_catalog,pg_constraint,5,50,8,0,8,0,0,0,10,0,6,33,8,64,0,0,0,0
1430500335.6701,pg_toast,pg_toast_2618,0,0,112,353,0,0,0,0,0,0,51,103,4,141,,,,
1430500335.6701,pg_catalog,pg_cast,3,594,8930,1988,0,0,0,0,198,0,6,1990,6,9054,,,,
1430500335.6701,pg_catalog,pg_ts_config,3,48,0,0,0,0,0,0,16,0,2,2,0,0,,,,
1430500335.6701,pg_catalog,pg_ts_parser,3,3,0,0,0,0,0,0,1,0,2,2,0,0,,,,
1430500335.6701,pg_toast,pg_toast_2620,0,0,0,0,0,0,0,0,0,0,0,0,0,0,,,,
1430500335.6701,pg_toast,pg_toast_2396,0,0,0,0,0,0,0,0,0,0,0,0,0,0,,,,
1430500335.6701,pg_catalog,pg_largeobject,2,0,0,0,0,0,0,0,0,0,0,0,0,0,,,,
1430500335.6701,pg_catalog,pg_enum,4,0,0,0,0,0,0,0,0,0,0,0,0,0,,,,
1430500335.6701,pg_catalog,pg_foreign_table,2,0,0,0,0,0,0,0,0,0,0,0,0,0,,,,
1430500335.6701,pg_catalog,pg_collation,3,1806,0,0,0,0,0,0,602,0,38,38,0,0,,,,
1430500335.6701,pg_catalog,pg_am,202,214,0,0,0,0,0,0,5,0,3,200,0,0,,,,
1430500335.6701,pg_catalog,pg_proc,3,8073,2729,3675,6,0,0,0,2691,0,168,3284,33,5763,0,0,0,0
1430500335.6701,pg_catalog,pg_shdepend,15,15,1702,426,0,0,0,0,1,0,11,435,44,1770,,,,
1430500335.6701,public,order_line,4,4552236,805702,10049189,5436864,3807379,0,2308458,5392851,1121448,189384,16228282,38916,19988610,,,,
1430500335.6701,pg_catalog,pg_language,4,16,10,10,0,0,0,0,4,0,2,13,4,18,,,,
1430500335.6701,pg_catalog,pg_range,2,12,2,0,0,0,0,0,6,0,2,1,2,2,,,,
1430500335.6701,pg_catalog,pg_attribute,59,8141,17061,81317,1401,20,1219,1,2491,0,150,26915,48,40080,,,,
1430500335.6701,pg_catalog,pg_database,1463,5689,57011,56999,6,0,5,0,4,0,5,58483,96,66900,,,,
1430500335.6701,pg_catalog,pg_conversion,4,528,0,0,0,0,0,0,132,0,6,9,0,0,,,,
1430500335.6701,pg_catalog,pg_type,3,1099,4100,3741,173,0,151,0,361,0,30,4146,20,8922,,,,
1430500335.6701,public,item,4,400000,4302776,4298806,100000,0,0,0,100000,0,3845,4306608,276,8625600,,,,
1430500335.6701,pg_catalog,pg_trigger,4,0,0,0,0,0,0,0,0,0,0,0,0,0,0,0,0,0
1430500335.6701,public,orders,6,720000,769171,1022888,529751,366330,0,279434,525874,31908,6835,2067722,6448,5315545,,,,
1430500335.6701,information_schema,sql_implementation_info,1,12,,,0,0,0,0,12,0,2,0,,,0,0,0,0
1430500335.6701,information_schema,sql_languages,1,4,,,0,0,0,0,4,0,2,0,,,0,0,0,0
1430500335.6701,pg_toast,pg_toast_12309,0,0,0,0,0,0,0,0,0,0,0,0,0,0,,,,
1430500335.6701,pg_toast,pg_toast_12334,0,0,0,0,0,0,0,0,0,0,0,0,0,0,,,,
1430500335.6701,pg_catalog,pg_amop,4,1744,1575,1994,0,0,0,0,436,0,12,2002,23,3375,,,,
1430500335.6701,pg_toast,pg_toast_1255,0,0,0,0,0,0,0,0,0,0,0,0,0,0,,,,
1430500335.6701,pg_toast,pg_toast_12314,0,0,0,0,0,0,0,0,0,0,0,0,0,0,,,,
1430500335.6701,pg_toast,pg_toast_12324,0,0,0,0,0,0,0,0,0,0,0,0,0,0,,,,
1430500335.6701,pg_catalog,pg_amproc,13,1052,894,1285,0,0,0,0,344,0,9,884,9,1966,,,,
1430500335.6701,pg_toast,pg_toast_2964,0,0,0,0,0,0,0,0,0,0,0,0,0,0,,,,
1430500335.6701,pg_catalog,pg_ts_template,3,15,0,0,0,0,0,0,5,0,2,2,0,0,,,,
1430500335.6701,pg_catalog,pg_db_role_setting,15,0,19980,0,0,0,0,0,0,0,0,0,24,19956,0,0,0,0
1430500335.6701,pg_toast,pg_toast_2609,0,0,0,0,0,0,0,0,0,0,0,0,0,0,,,,
1430500335.6701,information_schema,sql_parts,1,9,,,0,0,0,0,9,0,2,0,,,0,0,0,0
1430500335.6701,public,customer,6,720000,1855303,4548206,120000,758924,0,699650,119985,8010,79655,6010156,1977,5968376,,,,
1430500335.6701,pg_catalog,pg_class,216,41177,25218,23251,122,324,101,67,316,0,35,26406,33,35311,,,,
1430500335.6701,pg_catalog,pg_seclabel,2,0,252,0,0,0,0,0,0,0,0,0,2,250,0,0,0,0
1430500335.6701,pg_catalog,pg_ts_config_map,2,608,0,0,0,0,0,0,304,0,4,2,0,0,,,,
1430500335.6701,information_schema,sql_sizing,1,23,,,0,0,0,0,23,0,2,0,,,0,0,0,0
1430500335.6701,pg_toast,pg_toast_12339,0,0,0,0,0,0,0,0,0,0,0,0,0,0,,,,
1430500335.6701,information_schema,sql_packages,1,10,,,0,0,0,0,10,0,2,0,,,0,0,0,0
1430500335.6701,public,warehouse,66068,199840,1144983,1144983,4,392594,0,384016,4,2428,191,12789471,2,1153971,,,,
1430500335.6701,pg_toast,pg_toast_2606,0,0,0,0,0,0,0,0,0,0,0,0,0,0,,,,
1430500335.6701,pg_catalog,pg_pltemplate,10,80,0,0,0,0,0,0,8,0,10,5,0,0,,,,
1430500335.6701,pg_catalog,pg_auth_members,15,0,0,0,0,0,0,0,0,0,0,0,0,0,,,,
1430500335.6701,pg_catalog,pg_depend,3,20120,2731,2507,348,0,256,0,6672,256,103,3172,39,6884,,,,
1430500335.6701,pg_toast,pg_toast_2604,0,0,0,0,0,0,0,0,0,0,0,0,0,0,,,,
1430500335.6701,pg_catalog,pg_shseclabel,10,0,5,0,0,0,0,0,0,0,0,0,5,0,,,,
1430500335.6701,information_schema,sql_features,1,672,,,0,0,0,0,672,0,14,0,,,0,0,0,0
1430500335.6701,pg_toast,pg_toast_12319,0,0,0,0,0,0,0,0,0,0,0,0,0,0,,,,
1430500335.6701,pg_catalog,pg_description,2,7372,252,0,0,0,0,0,3686,0,64,32,6,501,0,0,0,0
1430500335.6701,pg_catalog,pg_namespace,25,150,1692,1530,0,0,0,0,6,0,3,1553,12,1888,,,,
1430500335.6701,information_schema,sql_sizing_profiles,1,0,,,0,0,0,0,0,0,0,0,,,0,0,0,0
1430500335.6701,pg_catalog,pg_foreign_server,3,0,0,0,0,0,0,0,0,0,0,0,0,0,,,,
